SET default_tablespace = '';

SET default_table_access_method = heap;

CREATE TABLE attempt (
    attid integer NOT NULL,
    regno character varying(10) NOT NULL,
    testid integer,
    marks integer,
    shuffle character varying(65535),
    att_time timestamp(6) without time zone
);



CREATE TABLE options (
    oid integer NOT NULL,
    qid integer,
    option text,
    seq integer
);




CREATE TABLE question (
    qid integer NOT NULL,
    question text,
    answer integer,
    testid integer
);




CREATE SEQUENCE question_qid_seq
    AS integer
    START WITH 1
    INCREMENT BY 1
    NO MINVALUE
    NO MAXVALUE
    CACHE 1;




ALTER SEQUENCE question_qid_seq OWNED BY question.qid;


CREATE TABLE result (
    rid integer NOT NULL,
    testid integer NOT NULL,
    regno character varying(10),
    qid integer,
    answer integer
);



CREATE TABLE student (
    regno character varying(10) NOT NULL,
    studentname character varying(200)
);



CREATE TABLE test (
    testid integer NOT NULL,
    course character varying(200),
    total integer,
    code character varying(5),
    testdate timestamp(0) without time zone,
    duration integer,
    faculty character varying(100),
    semyr character varying(25),
    head character varying(100),
    sec character varying(25),
    unitmark double precision
);



CREATE SEQUENCE test_testid_seq
    AS integer
    START WITH 1
    INCREMENT BY 1
    NO MINVALUE
    NO MAXVALUE
    CACHE 1;




ALTER SEQUENCE test_testid_seq OWNED BY test.testid;


ALTER TABLE ONLY question ALTER COLUMN qid SET DEFAULT nextval('question_qid_seq'::regclass);


ALTER TABLE ONLY test ALTER COLUMN testid SET DEFAULT nextval('test_testid_seq'::regclass);



-- pg_dump: processing data for table "attempt"
INSERT INTO attempt VALUES
	(329, '1732102', 14, 0, '6,20,23,10,32,12,0,27,39,19,5,29,11,36,31,17,8,4,13,9,22,34,25,3,1,7,26,21,15,28,2,37,16,18,35,24,30,14,38,33', NULL),
	(330, '1612103', 14, 0, '10,19,39,1,11,8,22,9,4,31,5,14,37,13,15,18,36,23,35,29,34,27,26,2,30,6,17,7,25,38,20,3,24,12,33,16,32,28,0,21', NULL),
	(333, '1812111', 14, 0, '4,12,24,16,2,36,31,27,5,22,33,29,8,1,38,11,14,34,28,25,3,39,19,9,17,21,32,6,20,7,13,37,23,30,10,18,26,15,0,35', NULL),
	(334, '1812109', 14, 0, '25,39,9,34,2,13,15,21,16,30,18,20,0,33,32,37,17,4,24,27,11,26,36,28,38,12,23,1,6,10,19,5,8,3,35,31,7,14,29,22', NULL),
	(335, '1812136', 14, 0, '6,10,38,39,31,2,22,32,12,19,23,16,27,37,5,29,28,9,11,21,17,25,13,7,30,33,1,3,18,35,0,26,20,34,15,4,8,36,14,24', NULL),
	(336, '1812134', 14, 0, '4,2,21,36,24,37,19,0,31,25,16,7,6,10,26,14,38,3,1,23,32,29,13,27,8,20,22,28,30,5,39,34,9,17,35,33,15,11,18,12', NULL),
	(337, '1812129', 14, 0, '27,30,20,5,18,11,16,1,13,28,8,6,7,4,24,37,25,21,38,33,14,9,32,31,23,36,15,17,34,2,22,35,39,19,26,29,12,3,10,0', NULL),
	(338, '1812104', 14, 0, '37,12,25,32,18,14,29,20,11,2,38,22,36,19,15,26,30,1,6,16,4,10,23,33,27,9,0,35,39,17,13,28,21,24,3,34,7,8,31,5', NULL),
	(339, '1812133', 14, 0, '15,13,6,33,0,3,4,12,36,38,8,10,14,39,2,35,34,19,25,20,5,11,37,16,31,32,17,29,24,27,18,21,1,28,23,22,7,30,26,9', NULL),
	(340, '1812330', 14, 0, '7,20,36,17,8,9,31,29,24,10,21,16,5,22,12,2,34,32,37,30,35,4,28,3,18,11,33,19,27,14,39,0,6,15,26,13,1,23,38,25', NULL),
	(341, '1812122', 14, 0, '36,32,29,13,18,6,19,22,1,24,2,34,4,35,12,5,9,14,21,25,0,10,15,38,26,37,23,33,27,30,31,3,7,28,20,39,17,16,8,11', NULL),
	(342, '1812128', 14, 0, '33,37,36,3,12,28,21,9,19,8,39,29,5,34,38,7,32,23,4,25,27,15,35,14,22,11,16,6,0,20,24,2,26,1,18,17,30,13,31,10', NULL),
	(343, '1812115', 14, 0, '13,14,8,37,20,1,21,26,15,11,29,10,30,25,9,39,17,18,33,19,3,4,23,0,38,35,12,28,22,24,34,5,32,2,6,31,16,36,27,7', NULL),
	(344, '1812113', 14, 0, '1,5,38,26,34,11,9,10,20,37,21,7,6,15,14,19,13,30,24,33,28,16,12,36,39,32,25,23,8,35,22,0,4,17,18,31,3,27,29,2', NULL),
	(345, '1812116', 14, 0, '31,17,15,36,33,25,35,34,37,19,4,10,0,12,1,16,20,38,2,26,29,6,32,23,13,5,3,18,27,24,21,28,14,22,9,30,11,39,8,7', NULL),
	(346, '1812117', 14, 0, '16,3,4,12,22,39,26,10,24,7,36,31,25,38,30,18,32,29,21,37,9,19,20,35,11,5,6,8,2,34,23,13,15,33,14,28,0,1,17,27', NULL),
	(347, '1812135', 14, 0, '3,31,6,8,23,9,22,28,0,17,34,14,2,10,12,39,25,18,30,36,38,32,24,15,1,4,33,35,13,7,26,37,29,20,5,21,11,27,16,19', NULL),
	(348, '1812120', 14, 0, '15,13,14,26,37,5,21,11,19,10,28,34,36,6,8,25,7,9,20,32,16,30,39,33,18,12,2,22,3,4,23,0,17,38,29,24,31,35,1,27', NULL),
	(349, '1812121', 14, 0, '37,23,13,21,9,29,38,36,17,6,20,16,4,31,35,32,24,28,18,26,8,14,19,11,34,33,1,25,39,5,3,15,7,27,10,12,0,30,2,22', NULL),
	(350, '1812102', 14, 0, '5,26,39,24,11,3,36,28,30,10,15,31,35,18,16,19,29,25,20,17,33,8,21,22,4,34,7,32,38,23,37,6,9,1,0,2,12,27,13,14', NULL),
	(351, '1812112', 14, 0, '23,37,0,22,28,9,26,24,34,30,32,18,38,35,2,7,20,1,15,33,39,19,10,29,17,31,13,14,21,8,25,6,11,27,5,16,36,12,3,4', NULL),
	(352, '1812127', 14, 0, '27,30,8,23,15,18,12,36,37,2,26,4,25,6,11,1,20,9,24,22,13,14,19,39,28,33,10,5,31,7,3,21,16,29,38,35,34,32,0,17', NULL),
	(353, '1812130', 14, 0, '31,14,20,26,0,33,7,21,36,24,30,27,5,35,38,16,25,32,12,29,9,22,13,19,2,4,23,10,37,18,8,1,6,17,15,34,11,28,39,3', NULL),
	(354, '1812125', 14, 0, '29,32,23,0,12,28,38,24,37,14,15,21,25,30,22,6,5,27,26,3,2,31,20,13,10,33,1,35,11,9,4,18,34,8,36,39,16,17,7,19', NULL),
	(355, '1812105', 14, 0, '1,16,5,10,8,3,0,7,21,4,6,19,27,14,15,38,34,35,23,26,33,30,2,13,28,22,25,12,18,37,17,36,29,24,9,32,11,31,20,39', NULL),
	(356, '1812103', 14, 0, '7,32,34,11,17,16,8,15,39,10,18,30,4,37,3,5,21,31,24,13,26,19,27,12,28,1,14,0,35,36,9,6,23,25,29,22,20,38,2,33', NULL),
	(357, '1812137', 14, 0, '22,0,5,29,34,21,35,6,27,9,14,19,7,13,37,18,39,38,28,20,17,23,3,2,1,24,26,15,4,25,32,30,12,33,10,16,8,36,11,31', NULL),
	(358, '1812138', 14, 0, '9,37,23,38,35,5,10,21,18,28,2,27,7,13,39,19,32,8,20,22,12,30,34,1,16,24,33,29,15,11,26,3,25,17,0,36,31,14,4,6', NULL),
	(359, '1812101', 14, 0, '12,8,15,18,38,13,29,34,31,26,7,22,4,1,6,27,5,32,10,11,39,0,9,2,19,23,37,30,24,36,3,16,33,17,21,14,25,35,28,20', NULL),
	(360, '1812108', 14, 0, '25,13,20,1,9,28,35,23,37,39,7,21,14,17,10,19,38,3,2,22,24,27,30,15,11,12,0,5,36,4,33,34,16,32,6,8,29,31,18,26', NULL),
	(361, '1812123', 14, 0, '2,26,21,28,27,32,39,38,33,15,36,5,9,22,30,4,31,17,7,1,25,24,11,20,14,6,18,3,10,29,12,13,35,0,16,8,19,23,34,37', NULL),
	(362, '1812106', 14, 0, '26,31,38,3,35,27,6,19,12,24,11,17,21,5,28,39,34,4,1,2,22,8,9,15,10,25,37,14,33,16,36,29,18,20,32,13,0,23,7,30', NULL),
	(363, '1812114', 14, 0, '30,3,23,8,0,16,13,35,34,5,18,7,14,25,39,36,37,21,17,31,10,15,27,38,11,1,6,26,22,19,29,12,9,33,2,32,20,24,4,28', NULL),
	(364, '1812110', 14, 0, '38,2,29,5,30,39,9,36,0,15,14,17,34,16,20,12,37,28,13,10,11,33,35,31,21,18,24,8,1,23,26,32,25,7,4,19,6,22,27,3', NULL),
	(365, '1812132', 14, 0, '17,22,38,26,35,10,20,3,5,12,16,28,1,21,6,13,36,39,9,0,8,29,27,11,4,24,14,34,30,18,19,15,23,32,37,33,31,7,25,2', NULL),
	(366, '1812126', 14, 0, '19,4,3,30,33,14,7,13,2,12,17,37,6,9,16,32,20,38,1,8,34,5,23,11,18,26,25,31,39,28,27,29,21,0,24,10,35,15,22,36', NULL),
	(367, '1812118', 14, 0, '1,37,16,5,39,18,13,31,27,26,29,14,36,21,33,20,4,25,2,10,22,15,23,6,0,19,32,3,17,11,38,35,34,9,30,7,24,28,8,12', NULL),
	(368, '1812131', 14, 0, '29,35,21,12,0,17,38,20,4,36,5,10,3,32,27,24,15,25,7,8,37,13,33,30,9,22,19,11,39,31,18,28,14,2,34,1,23,16,26,6', NULL),
	(369, '1812326', 14, 0, '39,4,17,10,1,6,38,27,30,12,0,21,29,37,5,13,7,36,34,24,22,15,23,33,31,32,9,11,20,2,16,35,25,8,14,18,3,26,19,28', NULL),
	(370, '1812124', 14, 0, '13,16,27,39,15,9,24,25,34,2,32,3,23,14,8,28,1,12,7,26,21,38,18,33,30,4,20,36,17,37,19,31,35,22,0,29,5,11,6,10', NULL),
	(371, '1812154', 14, 0, '1,22,2,20,38,24,35,12,23,10,25,27,33,11,39,28,36,31,37,9,21,26,8,30,18,15,19,3,17,29,34,0,14,4,16,7,32,5,13,6', NULL),
	(372, '9912100', 14, 0, '26,35,5,36,4,16,3,37,39,34,24,23,17,33,7,32,0,11,18,15,30,13,29,27,6,25,10,38,21,8,20,9,12,31,22,19,14,28,1,2', NULL),
	(373, '1812149', 14, 0, '27,7,10,3,8,31,39,36,15,38,21,17,1,30,6,25,5,24,26,34,16,20,37,12,9,19,29,2,33,14,0,35,23,32,13,11,28,22,18,4', NULL),
	(374, '1812146', 14, 0, '20,9,12,23,21,6,19,38,24,8,32,7,39,18,37,22,11,15,26,29,14,17,2,36,13,33,4,3,25,5,0,34,27,10,16,35,28,30,31,1', NULL),
	(375, '1812163', 14, 0, '37,12,11,1,6,35,3,39,25,27,22,31,26,4,34,7,30,32,13,28,29,0,2,10,8,36,23,24,14,16,38,17,5,15,19,33,21,20,18,9', NULL),
	(376, '1812140', 14, 0, '14,25,3,5,18,30,39,17,38,4,7,29,0,34,27,2,20,31,37,13,24,33,26,8,28,1,12,22,35,16,32,15,23,11,36,6,21,10,19,9', NULL),
	(377, '1812327_', 14, 0, '8,37,18,4,10,36,1,29,21,15,34,0,5,30,13,28,16,33,26,27,35,38,22,12,7,6,23,14,3,17,24,31,39,25,19,2,9,32,20,11', NULL),
	(378, '1812173', 14, 0, '19,33,11,26,21,6,30,4,15,8,34,0,31,17,5,36,18,39,27,20,10,29,14,16,37,35,2,1,28,12,38,7,24,3,22,9,25,13,23,32', NULL),
	(379, '1812165', 14, 0, '27,26,0,5,10,22,11,3,19,8,24,12,13,1,37,9,28,32,31,6,39,14,25,30,34,17,15,38,23,35,20,2,18,29,16,21,36,4,33,7', NULL),
	(380, '1812175', 14, 0, '14,26,34,8,15,5,4,38,35,16,12,2,1,27,25,22,11,28,39,13,19,23,7,6,21,30,20,36,0,3,17,9,24,32,33,29,37,10,31,18', NULL),
	(381, '1812143', 14, 0, '13,15,32,25,6,19,38,26,30,37,2,24,0,1,17,12,33,8,18,11,10,7,39,21,4,16,34,5,36,3,29,28,20,22,27,35,14,31,9,23', NULL),
	(382, '1812155', 14, 0, '5,1,0,26,14,39,12,4,7,32,33,8,6,27,25,19,29,15,30,31,38,20,37,13,10,34,17,16,22,11,36,18,23,21,28,2,3,9,24,35', NULL),
	(383, '1812328', 14, 0, '4,37,32,26,14,25,31,29,12,18,9,17,7,10,1,35,23,11,19,36,8,30,0,34,24,28,13,21,27,20,22,5,15,16,39,33,2,38,3,6', NULL),
	(384, '1812142', 14, 0, '12,5,0,15,37,9,8,3,18,39,28,27,26,6,29,36,25,2,22,24,34,7,14,20,10,33,17,21,23,32,19,35,16,38,31,11,30,4,1,13', NULL),
	(385, '1812166', 14, 0, '31,37,39,35,19,12,14,22,24,23,38,29,25,7,20,5,10,13,34,30,18,21,16,8,4,28,9,15,27,32,3,26,17,0,1,36,33,11,6,2', NULL),
	(386, '1812157', 14, 0, '28,10,11,20,17,15,32,22,29,33,21,1,9,36,0,37,18,7,14,13,3,12,2,4,25,31,35,16,30,38,5,27,26,34,39,24,6,19,23,8', NULL),
	(387, '1812164', 14, 0, '6,15,7,19,39,27,34,10,33,2,20,32,29,35,4,8,30,26,31,1,16,21,11,23,25,36,9,3,0,28,22,18,37,14,12,17,38,13,5,24', NULL),
	(388, '1812150', 14, 0, '20,2,17,8,22,23,15,31,33,16,9,24,34,30,29,19,13,21,10,37,4,0,35,32,12,39,26,36,28,5,18,7,1,14,3,25,11,6,27,38', NULL),
	(389, '1812169', 14, 0, '17,1,35,3,24,20,30,25,14,39,12,19,36,22,28,6,0,18,13,10,16,11,21,2,7,23,38,32,4,5,33,15,37,34,26,27,31,8,29,9', NULL),
	(390, '1812174', 14, 0, '10,19,32,9,16,8,20,21,15,7,38,33,24,35,3,22,27,36,11,2,18,25,6,34,12,29,31,17,23,5,37,30,26,14,13,39,0,1,4,28', NULL),
	(391, '1812161', 14, 0, '9,21,28,0,25,14,22,8,23,17,37,32,33,26,19,36,30,31,27,12,13,10,6,18,38,4,11,15,29,3,5,7,20,2,35,24,39,1,16,34', NULL),
	(392, '1812167', 14, 0, '25,26,16,27,34,35,19,24,31,12,28,10,22,4,5,1,38,7,3,2,29,18,14,32,36,15,17,33,9,6,8,11,37,13,20,23,30,39,0,21', NULL),
	(393, '1812141', 14, 0, '4,0,8,1,27,6,30,35,9,13,26,2,36,29,3,15,34,18,33,37,25,39,12,32,19,21,22,10,17,31,24,16,20,23,28,11,5,38,14,7', NULL),
	(394, '1812171', 14, 0, '25,32,6,18,7,38,17,5,27,3,20,24,23,10,14,16,9,11,31,26,33,0,2,28,8,30,4,39,36,19,21,35,34,15,13,12,1,29,22,37', NULL),
	(395, '1812156', 14, 0, '24,22,9,11,0,2,23,33,29,37,7,20,14,4,27,6,19,12,8,34,15,10,13,39,35,1,26,21,36,38,18,31,28,3,5,17,16,25,30,32', NULL),
	(396, '1812152', 14, 0, '2,28,5,1,31,37,35,25,23,39,24,33,21,22,14,27,3,36,10,15,0,18,11,17,7,6,12,34,29,9,16,30,19,26,38,20,4,13,8,32', NULL),
	(397, '1812147', 14, 0, '26,21,5,38,39,36,22,9,10,15,37,30,29,24,35,31,0,13,4,28,23,6,2,1,25,27,20,19,17,3,7,16,11,32,12,18,14,33,34,8', NULL),
	(398, '1812151', 14, 0, '34,17,38,37,15,31,39,21,16,5,6,33,19,30,10,3,26,23,24,9,7,12,13,2,22,27,32,18,0,29,35,1,11,28,25,4,8,36,14,20', NULL),
	(399, '1812162_', 14, 0, '8,37,2,1,7,25,36,22,6,32,9,15,33,11,38,30,23,27,16,31,18,21,20,0,10,4,19,14,5,39,29,34,24,35,12,17,13,3,28,26', NULL),
	(400, '1812145', 14, 0, '37,14,1,22,25,34,27,26,23,12,5,3,7,24,13,17,10,33,11,21,0,31,30,29,2,19,35,8,16,15,32,9,20,18,6,4,36,28,39,38', NULL),
	(401, '1812153', 14, 0, '28,25,39,2,18,35,36,24,30,1,8,17,5,0,10,15,32,22,34,29,14,20,26,16,31,13,7,11,19,33,37,9,38,23,21,3,6,4,27,12', NULL),
	(402, '1812159', 14, 0, '9,31,38,23,27,19,12,18,11,22,13,14,33,28,30,16,2,26,35,15,34,1,6,3,5,39,0,17,8,20,21,25,24,29,37,10,4,32,7,36', NULL),
	(403, '1812172', 14, 0, '31,27,37,7,13,3,38,23,19,6,0,30,26,22,33,1,4,32,10,14,20,35,15,18,12,36,29,25,11,16,5,8,2,34,17,28,24,39,9,21', NULL),
	(404, '1812176', 14, 0, '29,5,16,37,15,36,34,23,6,27,30,21,18,7,3,35,13,39,10,25,11,1,17,4,0,20,24,12,31,8,28,9,22,14,33,38,26,19,32,2', NULL),
	(405, '1812139_', 14, 0, '33,3,24,34,16,2,28,8,17,38,14,19,32,5,10,6,13,0,30,15,26,20,4,29,27,37,11,21,25,39,1,12,31,9,36,35,7,22,18,23', NULL),
	(406, '1812158', 14, 0, '14,20,1,35,0,15,5,13,34,38,2,37,28,32,21,17,29,7,3,6,22,18,31,27,30,11,33,9,4,36,19,24,39,26,8,23,10,16,25,12', NULL),
	(407, '1812170', 14, 0, '29,13,36,17,18,11,22,34,3,7,28,1,14,15,38,10,37,31,32,20,39,2,26,0,27,35,6,12,9,24,21,8,23,33,16,4,25,5,30,19', NULL),
	(408, '1812173', 14, 0, '12,35,5,27,22,4,28,2,11,3,23,6,0,16,29,34,32,30,19,9,37,39,24,15,20,17,1,14,25,31,21,18,26,33,10,36,7,8,38,13', NULL),
	(409, '1812139', 14, 0, '27,11,24,33,10,1,38,37,39,23,35,36,18,5,13,32,4,8,21,28,9,7,26,20,22,19,29,3,30,6,12,16,25,2,31,0,15,34,14,17', NULL),
	(410, '1812162', 14, 0, '33,12,5,39,11,37,10,2,1,34,8,23,25,13,36,31,19,7,24,29,28,15,26,16,3,9,20,17,6,38,21,22,18,32,30,4,27,0,14,35', NULL),
	(411, '1812179', 14, 0, '4,38,34,35,23,17,5,10,32,3,12,22,2,0,39,29,21,15,8,26,31,18,37,13,36,9,1,24,19,11,6,27,30,14,25,28,20,33,7,16', NULL),
	(412, '1812327', 14, 0, '5,35,29,39,10,4,32,7,21,2,18,31,19,37,11,33,24,3,0,36,23,1,8,16,17,9,12,28,20,34,15,25,13,26,14,6,30,22,27,38', NULL),
	(413, '1812193', 14, 0, '3,24,13,20,0,36,23,4,31,2,29,7,12,21,37,33,30,27,28,22,19,32,39,10,16,11,8,35,25,38,6,14,26,34,17,9,15,1,18,5', NULL),
	(414, '1812201', 14, 0, '27,11,20,0,12,21,15,18,1,29,30,33,38,23,24,13,31,37,7,9,19,22,34,32,36,35,2,10,8,17,4,25,14,5,28,39,26,6,3,16', NULL),
	(415, '1812180', 14, 0, '14,8,12,18,37,9,25,10,39,21,26,31,33,3,11,0,23,2,27,5,30,17,28,24,13,36,4,29,22,1,20,6,16,7,15,32,38,34,35,19', NULL),
	(416, '1812214', 14, 0, '21,24,17,15,5,38,19,36,14,31,25,18,37,6,29,23,33,16,30,3,7,26,28,34,11,22,1,39,2,27,9,4,10,0,12,8,20,35,13,32', NULL),
	(417, '1812183', 14, 0, '27,1,38,37,39,28,9,14,12,5,16,13,4,3,35,33,32,15,20,34,0,36,23,19,22,2,10,30,18,7,11,17,24,8,21,29,6,26,25,31', NULL),
	(418, '1812196', 14, 0, '16,17,27,7,15,9,19,5,28,39,23,10,2,35,13,31,33,22,8,24,1,4,29,14,0,37,36,21,12,25,26,11,34,30,18,38,32,20,3,6', NULL),
	(419, '1812213', 14, 0, '14,13,23,37,25,1,21,32,22,12,7,9,11,38,28,2,19,39,31,33,24,27,35,15,5,10,18,30,8,0,36,20,34,6,3,16,4,29,17,26', NULL),
	(420, '1812190', 14, 0, '13,30,3,34,18,4,11,37,2,29,25,9,22,5,20,31,6,17,38,33,39,35,16,0,10,32,19,23,12,8,7,14,27,26,36,28,15,21,24,1', NULL),
	(421, '1812204', 14, 0, '36,18,32,31,17,25,7,14,34,20,38,28,5,2,35,23,29,21,10,39,33,3,30,26,15,9,37,24,8,19,22,13,0,16,4,1,11,27,12,6', NULL),
	(422, '1812182', 14, 0, '1,3,27,14,0,5,31,2,34,4,21,11,9,15,39,33,8,23,35,26,30,36,17,32,10,25,37,12,19,6,28,29,16,38,20,22,13,24,18,7', NULL),
	(423, '1812177', 14, 0, '14,8,36,28,16,39,27,7,1,11,9,20,2,30,3,29,13,24,32,18,38,23,10,31,26,25,22,5,6,33,12,17,37,4,19,21,15,0,34,35', NULL),
	(424, '1812186', 14, 0, '12,9,35,23,3,2,5,14,4,39,10,32,20,18,6,38,29,19,11,26,15,36,22,31,25,37,33,0,8,17,13,30,7,24,28,21,27,1,34,16', NULL),
	(425, '1812197', 14, 0, '34,28,1,27,16,14,5,33,21,23,37,2,4,9,31,15,0,25,8,7,17,19,3,30,26,18,29,13,22,20,32,10,11,38,12,36,6,35,24,39', NULL),
	(426, '1812189', 14, 0, '8,7,37,34,39,15,38,4,30,11,16,10,22,27,12,19,31,1,24,0,14,9,36,35,28,32,13,20,29,33,17,21,26,5,3,23,2,18,25,6', NULL),
	(427, '1812187', 14, 0, '21,0,33,13,29,14,23,3,31,36,10,4,32,19,35,28,8,26,5,18,1,30,22,24,34,12,15,11,7,37,38,6,16,2,25,27,39,20,17,9', NULL),
	(428, '1812188', 14, 0, '12,1,2,4,23,9,22,7,20,26,39,28,30,10,15,18,21,32,37,29,8,36,38,14,27,0,34,13,35,17,6,25,3,11,16,19,5,33,31,24', NULL),
	(429, '1812184', 14, 0, '7,18,12,9,3,32,37,34,0,17,6,27,19,26,36,31,22,5,11,8,24,29,2,10,21,33,4,39,35,20,23,16,30,14,1,13,15,25,38,28', NULL),
	(430, '1812192', 14, 0, '27,15,23,29,5,33,14,36,13,19,31,21,30,3,17,28,9,16,2,26,24,25,10,0,1,7,39,12,18,6,32,37,22,8,38,4,34,11,35,20', NULL),
	(431, '1812210', 14, 0, '26,3,9,5,19,35,39,36,11,14,15,27,34,10,38,33,1,30,6,21,25,2,24,7,12,4,13,0,18,31,8,29,16,32,22,37,28,17,20,23', NULL),
	(432, '1812207', 14, 0, '27,11,13,6,31,37,15,35,28,4,36,32,34,7,25,10,21,2,26,9,3,33,8,1,23,17,5,38,18,20,16,0,14,22,12,24,30,39,29,19', NULL),
	(433, '1812202', 14, 0, '36,6,15,25,39,9,32,4,10,33,7,0,3,17,20,1,16,21,27,5,22,29,13,31,23,2,34,19,14,30,18,11,8,38,26,35,37,24,12,28', NULL),
	(434, '1812195', 14, 0, '24,26,36,15,3,29,31,8,0,20,4,16,18,6,13,10,11,32,5,1,9,17,21,27,37,19,33,30,23,7,28,2,34,22,38,35,39,12,14,25', NULL),
	(435, '1812212', 14, 0, '7,13,35,3,36,2,32,23,24,8,16,27,17,26,1,37,20,25,30,9,12,38,21,39,18,5,4,15,10,28,14,0,19,22,29,11,31,33,6,34', NULL),
	(436, '1812178', 14, 0, '33,32,21,28,25,7,29,11,12,26,5,20,4,6,10,0,37,19,3,15,8,1,27,18,38,22,31,35,17,16,30,13,24,34,39,2,36,9,14,23', NULL),
	(437, '1812181', 14, 0, '3,26,28,36,1,4,29,0,35,16,9,14,15,11,25,32,5,34,17,22,33,20,21,10,39,30,24,23,8,13,7,18,38,19,37,27,12,2,31,6', NULL),
	(438, '1812208', 14, 0, '13,25,1,27,4,35,0,34,28,23,12,5,10,32,21,18,14,26,22,38,29,16,20,30,3,31,11,8,2,19,7,9,39,36,24,33,17,37,15,6', NULL),
	(439, '1812185', 14, 0, '1,12,30,9,4,14,17,32,27,15,10,2,21,13,28,31,20,11,38,18,3,24,22,37,36,5,8,26,29,19,7,23,16,39,25,35,6,33,0,34', NULL),
	(440, '1812205', 14, 0, '32,29,28,36,35,13,23,5,20,8,39,10,24,0,34,15,14,21,3,11,6,27,22,33,38,2,16,17,37,18,12,19,30,31,4,1,26,7,9,25', NULL),
	(441, '1812232', 14, 0, '34,31,17,4,37,7,2,39,20,38,27,3,28,1,16,21,5,10,23,35,12,29,22,6,13,19,0,33,14,36,24,15,11,32,25,8,9,18,30,26', NULL),
	(442, '1812230', 14, 0, '7,39,37,24,18,30,32,21,33,2,19,36,15,12,8,20,35,9,27,14,38,34,22,4,28,6,3,25,1,29,10,23,11,26,5,17,16,31,13,0', NULL),
	(443, '1812227', 14, 0, '10,37,21,31,35,25,32,22,26,8,28,23,7,30,38,1,6,2,29,20,0,12,19,27,4,34,5,11,39,15,13,9,36,3,24,18,17,33,14,16', NULL),
	(444, '1812245', 14, 0, '12,22,17,6,18,39,19,20,24,26,0,7,29,34,15,30,11,1,21,3,37,25,2,13,16,23,28,10,9,31,8,32,5,35,33,36,4,38,14,27', NULL),
	(445, '1812252', 14, 0, '3,27,12,9,37,7,1,39,20,19,25,35,5,15,13,21,17,29,2,36,16,10,22,8,4,38,28,18,11,0,32,33,23,6,34,26,14,24,31,30', NULL),
	(446, '1812250', 14, 0, '18,31,29,36,20,6,17,27,3,8,22,16,7,33,30,24,28,9,13,21,11,5,37,1,34,32,39,2,10,35,15,14,38,12,19,25,0,4,26,23', NULL),
	(447, '1812226', 14, 0, '33,14,29,27,19,23,18,20,10,35,21,16,1,36,7,8,22,37,3,24,9,32,5,0,15,6,17,38,28,4,11,2,13,25,30,39,34,31,12,26', NULL),
	(448, '1812335', 14, 0, '35,37,32,6,38,18,10,36,2,7,19,17,13,27,0,8,9,1,16,4,3,39,14,5,12,21,24,29,34,25,31,28,26,30,22,15,11,20,33,23', NULL),
	(449, '1812237', 14, 0, '31,38,24,3,22,8,10,26,21,28,7,23,39,13,25,16,2,20,1,27,6,14,36,4,33,5,34,9,37,32,19,11,12,29,15,0,17,30,35,18', NULL),
	(450, '1812244', 14, 0, '21,15,36,38,31,23,30,12,0,27,24,6,2,16,1,26,28,37,17,5,7,13,4,20,3,14,39,32,10,9,18,33,34,11,8,35,25,19,22,29', NULL),
	(451, '1812247', 14, 0, '12,5,6,29,8,0,27,37,35,10,11,28,32,13,36,17,1,23,18,16,33,15,19,4,31,20,38,34,3,26,22,2,14,24,30,21,7,39,25,9', NULL),
	(452, '1812228', 14, 0, '14,18,1,31,4,35,21,25,2,10,24,37,7,34,11,26,39,27,22,32,33,28,8,36,17,19,13,30,38,20,5,3,16,12,15,6,29,9,0,23', NULL),
	(453, '1812231', 14, 0, '30,24,26,10,9,32,31,34,21,6,39,0,28,36,23,15,4,7,25,3,8,12,37,18,14,20,16,33,19,35,2,5,13,27,11,22,17,38,29,1', NULL),
	(454, '1812246', 14, 0, '24,22,33,3,27,35,11,14,37,7,26,13,25,20,6,23,31,30,18,29,34,4,38,15,28,1,9,21,8,16,17,10,12,19,2,0,39,5,32,36', NULL),
	(455, '1812251', 14, 0, '15,6,11,24,29,20,25,31,38,36,37,35,9,19,4,3,33,17,32,21,28,5,14,10,26,12,2,13,8,7,22,16,1,39,18,30,23,0,34,27', NULL),
	(456, '1812229', 14, 0, '14,0,30,37,35,33,7,19,13,29,21,1,16,3,39,8,9,12,28,31,4,6,36,11,26,32,20,18,34,23,17,2,27,5,22,15,24,10,25,38', NULL),
	(457, '1812219', 14, 0, '21,19,26,11,3,31,14,16,35,5,10,34,1,22,27,28,18,32,6,0,15,25,29,2,24,38,9,36,17,23,12,20,7,8,33,30,39,13,37,4', NULL),
	(458, '1812242', 14, 0, '6,34,21,0,23,17,36,38,18,29,37,32,12,5,30,31,20,35,11,3,15,16,8,1,2,13,26,28,4,27,19,24,33,25,9,7,10,39,14,22', NULL),
	(459, '1812224', 14, 0, '18,22,5,7,0,21,20,8,23,15,26,30,25,27,24,11,14,19,28,2,1,6,39,10,13,29,31,9,33,16,3,4,17,12,34,37,35,32,38,36', NULL),
	(460, '1812225', 14, 0, '18,15,2,4,17,22,25,14,5,1,23,29,37,31,27,10,16,35,13,32,33,12,8,28,0,36,34,9,7,19,26,24,20,6,30,11,39,3,21,38', NULL),
	(461, '1812215', 14, 0, '6,18,27,10,9,17,11,28,37,12,31,13,0,22,7,29,32,8,38,24,21,26,14,16,36,1,39,4,19,23,15,3,20,35,2,5,33,25,34,30', NULL),
	(462, '1812217', 14, 0, '21,9,10,15,29,13,25,37,31,28,36,18,19,39,26,38,8,22,11,1,7,35,24,33,30,14,32,27,17,20,2,23,16,0,34,5,6,3,12,4', NULL),
	(463, '1812218', 14, 0, '4,32,33,20,16,8,29,26,2,1,38,30,11,14,39,25,31,6,9,21,19,35,12,5,15,27,3,36,17,7,24,0,10,13,22,28,37,18,23,34', NULL),
	(464, '1812241', 14, 0, '24,30,3,14,39,18,12,28,32,17,1,33,10,34,31,6,27,4,29,2,9,37,16,23,20,19,38,13,11,26,35,15,7,36,25,22,0,8,21,5', NULL),
	(465, '1812233', 14, 0, '9,15,34,33,2,3,5,23,26,37,27,19,35,25,14,16,20,21,32,22,11,12,24,30,28,10,7,1,36,31,4,38,29,13,39,8,17,18,6,0', NULL),
	(466, '1812248', 14, 0, '28,7,12,11,24,20,2,10,3,37,13,8,34,4,5,23,16,17,30,38,32,18,25,29,21,33,6,27,9,15,0,36,35,39,14,26,1,19,22,31', NULL),
	(467, '1812220', 14, 0, '15,5,20,32,3,0,24,13,11,1,21,9,37,6,23,12,18,19,34,2,14,35,31,25,36,17,16,4,38,26,39,33,28,7,10,30,22,8,27,29', NULL),
	(468, '1812234', 14, 0, '19,8,17,28,13,5,39,14,0,4,27,18,10,11,15,7,6,34,3,24,26,1,35,30,20,12,33,16,2,21,9,37,25,32,23,36,29,31,38,22', NULL),
	(469, '1812238', 14, 0, '36,19,9,35,37,21,18,20,11,7,39,13,33,12,14,30,16,27,3,34,28,1,29,23,5,31,22,38,17,25,24,32,2,8,10,0,26,15,4,6', NULL),
	(470, '1812243', 14, 0, '26,5,24,20,27,33,34,8,3,22,37,25,11,2,29,4,30,35,12,18,14,10,19,23,7,21,31,15,32,39,38,28,17,1,6,13,16,0,9,36', NULL),
	(471, '1812240', 14, 0, '28,7,26,20,31,8,3,17,37,6,14,2,27,4,32,24,10,16,1,12,39,18,22,38,9,35,15,13,29,36,0,23,34,5,19,21,25,11,30,33', NULL),
	(472, '1812236', 14, 0, '38,33,17,32,5,18,23,11,37,36,24,39,21,10,6,19,30,15,9,22,31,0,26,16,34,13,1,25,7,29,3,28,8,2,27,35,14,4,12,20', NULL),
	(473, '1812221', 14, 0, '12,30,31,22,33,27,11,34,36,35,20,8,6,37,3,38,29,32,16,24,21,2,14,26,4,28,17,18,5,9,19,23,15,39,1,10,25,0,7,13', NULL),
	(474, '1812239', 14, 0, '9,15,19,0,14,29,34,17,10,7,11,35,16,38,13,21,26,22,33,3,25,20,32,39,1,12,4,8,30,23,18,28,24,36,6,37,31,2,27,5', NULL),
	(475, '1812235', 14, 0, '4,0,21,33,19,12,17,20,38,30,7,24,13,10,14,11,18,8,27,25,36,39,28,23,15,34,32,6,3,31,22,1,26,5,16,29,37,9,2,35', NULL),
	(476, '9912103', 14, 0, '27,7,19,26,21,12,8,30,35,0,3,28,9,13,29,36,24,22,33,39,10,23,34,11,32,14,18,20,2,38,1,4,16,25,31,5,15,17,37,6', NULL),
	(1417, '1912107', 14, 0, '28,16,5,30,32,34,1,13,3,8,39,9,27,0,24,31,23,4,35,2,29,17,38,22,15,33,25,7,11,18,10,14,37,21,26,12,36,19,20,6', '2023-02-02 12:45:31'),
	(1418, '2312101', 14, 0, '10,38,15,3,33,13,14,36,24,1,32,29,5,0,27,4,20,9,21,17,39,7,31,26,8,28,19,23,2,18,11,6,25,22,34,30,35,12,16,37', '2023-02-02 12:45:54'),
	(1419, '2312107', 14, 0, '38,36,37,21,1,24,20,25,3,29,13,8,18,23,19,28,2,32,0,4,7,26,10,11,17,35,14,27,6,15,12,9,30,31,5,39,16,22,33,34', '2023-02-02 12:47:15'),
	(1420, '2312142', 14, 0, '17,16,18,14,33,35,10,25,39,6,26,21,32,27,8,1,3,34,29,31,20,12,28,4,30,36,19,15,37,7,23,22,5,2,0,13,24,11,38,9', '2023-02-02 12:52:04'),
	(1421, '2312104', 14, 0, '11,21,7,26,14,5,34,20,13,0,24,1,39,37,23,12,18,28,10,32,33,17,27,29,31,15,35,38,22,6,8,3,9,36,2,4,16,30,19,25', '2023-02-02 12:53:54');



-- pg_dump: processing data for table "options"
INSERT INTO options VALUES
	(1398, 561, 'serial', 1),
	(1399, 561, 'parallel', 2),
	(1400, 562, 'True', 1),
	(1401, 562, 'False', 2),
	(1402, 563, 'True', 1),
	(1403, 563, 'False', 2),
	(1404, 564, 'serial', 1),
	(1405, 564, 'parallel', 2),
	(1406, 565, 'serial', 1),
	(1407, 565, 'parallel', 2),
	(1408, 566, 'serial', 1),
	(1409, 566, 'parallel', 2),
	(1410, 567, 'A single computer with multiple processors;', 1),
	(1411, 567, 'An arbitrary number of computers connected by a network;', 2),
	(1412, 567, 'A combination of both.', 3),
	(1413, 568, 'Be broken apart into discrete pieces of work that can be solved simultaneously;', 1),
	(1414, 568, 'Execute single program instructions sequentially at any moment in time;', 2),
	(1415, 568, 'Be solved in less time with multiple compute resources than with a single compute resource.', 3),
	(1416, 569, 'Save time and/or money', 1),
	(1417, 569, 'Solve larger problems', 2),
	(1418, 569, 'Provide concurrency', 3),
	(1419, 569, 'Use of local resources only', 4),
	(1420, 570, '1945', 1),
	(1421, 570, '1954', 2),
	(1422, 571, 'True', 1),
	(1423, 571, 'False', 2),
	(1424, 572, 'Control Unit', 1),
	(1425, 572, 'Arithmetic Unit', 2),
	(1426, 573, 'Control Unit', 1),
	(1427, 573, 'Arithmetic Unit', 2),
	(1428, 574, 'Instruction, Data.', 1),
	(1429, 574, 'Serial, Parallel', 2),
	(1430, 575, 'SIMD', 1),
	(1431, 575, 'SISD', 2),
	(1432, 576, 'True', 1),
	(1433, 576, 'False', 2),
	(1434, 577, 'True', 1),
	(1435, 577, 'False', 2),
	(1436, 578, 'SISD', 1),
	(1437, 578, 'SIMD', 2),
	(1438, 579, 'MISD', 1),
	(1439, 579, 'SIMD', 2),
	(1440, 580, 'MISD', 1),
	(1441, 580, 'SIMD', 2),
	(1442, 581, 'MISD', 1),
	(1443, 581, 'SIMD', 2),
	(1444, 582, 'True', 1),
	(1445, 582, 'False', 2),
	(1446, 583, 'True', 1),
	(1447, 583, 'False', 2),
	(1448, 584, 'True', 1),
	(1449, 584, 'False', 2),
	(1450, 585, 'MISD', 1),
	(1451, 585, 'MIMD', 2),
	(1452, 586, 'Task', 1),
	(1453, 586, 'Node', 2),
	(1454, 587, 'Task', 1),
	(1455, 587, 'Node', 2),
	(1456, 588, 'Synchronization', 1),
	(1457, 588, 'Pipelining', 2),
	(1458, 589, 'Shared Memory', 1),
	(1459, 589, 'Distributed Memory', 2),
	(1460, 590, 'Shared Memory', 1),
	(1461, 590, 'Distributed Memory ', 2),
	(1462, 591, 'True', 1),
	(1463, 591, 'False', 2),
	(1464, 592, 'True', 1),
	(1465, 592, 'False', 2),
	(1466, 593, 'Ture', 1),
	(1467, 593, 'False', 2),
	(1468, 594, 'True', 1),
	(1469, 594, 'False', 2),
	(1470, 595, 'True', 1),
	(1471, 595, 'False', 2),
	(1472, 596, 'True', 1),
	(1473, 596, 'False', 2),
	(1474, 597, 'True', 1),
	(1475, 597, 'False', 2),
	(1476, 598, 'Granularity', 1),
	(1477, 598, 'Scalability', 2),
	(1478, 599, 'True', 1),
	(1479, 599, 'False', 2),
	(1480, 600, 'True', 1),
	(1481, 600, 'False', 2);



-- pg_dump: processing data for table "question"
INSERT INTO question VALUES
	(561, 'qestions are hidden text no - 561', 1, 14),
	(562, 'qestions are hidden text no - 562', 1, 14),
	(563, 'qestions are hidden text no - 563', 1, 14),
	(564, 'qestions are hidden text no - 564', 2, 14),
	(565, 'qestions are hidden text no - 565', 1, 14),
	(566, 'qestions are hidden text no - 566', 2, 14),
	(567, 'qestions are hidden text no - 567', 3, 14),
	(568, 'qestions are hidden text no - 568', 2, 14),
	(569, 'qestions are hidden text no - 569', 4, 14),
	(570, 'qestions are hidden text no - 570', 1, 14),
	(571, 'qestions are hidden text no - 571', 1, 14),
	(572, 'qestions are hidden text no - 572', 1, 14),
	(573, 'qestions are hidden text no - 573', 2, 14),
	(574, 'qestions are hidden text no - 574', 1, 14),
	(575, 'qestions are hidden text no - 575', 2, 14),
	(576, 'qestions are hidden text no - 576', 1, 14),
	(577, 'qestions are hidden text no - 577', 2, 14),
	(578, 'qestions are hidden text no - 578', 2, 14),
	(579, 'qestions are hidden text no - 579', 2, 14),
	(580, 'qestions are hidden text no - 580', 2, 14),
	(581, 'qestions are hidden text no - 581', 1, 14),
	(582, 'qestions are hidden text no - 582', 2, 14),
	(583, 'qestions are hidden text no - 583', 2, 14),
	(584, 'qestions are hidden text no - 584', 1, 14),
	(585, 'qestions are hidden text no - 585', 2, 14),
	(586, 'qestions are hidden text no - 586', 2, 14),
	(587, 'qestions are hidden text no - 587', 1, 14),
	(588, 'qestions are hidden text no - 588', 2, 14),
	(589, 'qestions are hidden text no - 589', 1, 14),
	(590, 'qestions are hidden text no - 590', 2, 14),
	(591, 'qestions are hidden text no - 591', 2, 14),
	(592, 'qestions are hidden text no - 592', 2, 14),
	(593, 'qestions are hidden text no - 593', 1, 14),
	(594, 'qestions are hidden text no - 594', 2, 14),
	(595, 'qestions are hidden text no - 595', 1, 14),
	(596, 'qestions are hidden text no - 596', 2, 14),
	(597, 'qestions are hidden text no - 597', 2, 14),
	(598, 'qestions are hidden text no - 598', 2, 14),
	(599, 'qestions are hidden text no - 599', 1, 14),
	(600, 'qestions are hidden text no - 600', 1, 14);



-- pg_dump: processing data for table "result"
INSERT INTO result VALUES
	(15402, 14, '1732102', 567, 3),
	(15403, 14, '1732102', 581, 1),
	(15404, 14, '1732102', 584, 1),
	(15405, 14, '1732102', 571, 1),
	(15406, 14, '1732102', 593, 1),
	(15407, 14, '1732102', 573, 2),
	(15408, 14, '1732102', 561, 1),
	(15409, 14, '1732102', 588, 2),
	(15410, 14, '1732102', 600, 1),
	(15411, 14, '1732102', 580, 2),
	(15412, 14, '1732102', 566, 2),
	(15413, 14, '1732102', 590, 2),
	(15414, 14, '1732102', 572, 1),
	(15415, 14, '1732102', 597, 2),
	(15416, 14, '1732102', 592, 2),
	(15417, 14, '1732102', 578, 2),
	(15418, 14, '1732102', 569, 4),
	(15419, 14, '1732102', 565, 1),
	(15420, 14, '1732102', 574, 1),
	(15421, 14, '1732102', 570, 1),
	(15422, 14, '1732102', 583, 2),
	(15423, 14, '1732102', 595, 1),
	(15424, 14, '1732102', 586, 2),
	(15425, 14, '1732102', 564, 2),
	(15426, 14, '1732102', 562, 1),
	(15427, 14, '1732102', 568, 2),
	(15428, 14, '1732102', 587, 1),
	(15429, 14, '1732102', 582, 2),
	(15430, 14, '1732102', 576, 1),
	(15431, 14, '1732102', 589, 1),
	(15432, 14, '1732102', 563, 1),
	(15433, 14, '1732102', 598, 2),
	(15434, 14, '1732102', 577, 2),
	(15435, 14, '1732102', 579, 2),
	(15436, 14, '1732102', 596, 2),
	(15437, 14, '1732102', 585, 2),
	(15438, 14, '1732102', 591, 2),
	(15439, 14, '1732102', 575, 2),
	(15440, 14, '1732102', 599, 1),
	(15441, 14, '1732102', 594, 2),
	(15442, 14, '1612103', 571, 1),
	(15443, 14, '1612103', 580, 2),
	(15444, 14, '1612103', 600, 1),
	(15445, 14, '1612103', 562, 1),
	(15446, 14, '1612103', 572, 1),
	(15447, 14, '1612103', 569, 4),
	(15448, 14, '1612103', 583, 2),
	(15449, 14, '1612103', 570, 1),
	(15450, 14, '1612103', 565, 1),
	(15451, 14, '1612103', 592, 2),
	(15452, 14, '1612103', 566, 2),
	(15453, 14, '1612103', 575, 2),
	(15454, 14, '1612103', 598, 2),
	(15455, 14, '1612103', 574, 1),
	(15456, 14, '1612103', 576, 1),
	(15457, 14, '1612103', 579, 2),
	(15458, 14, '1612103', 597, 2),
	(15459, 14, '1612103', 584, 1),
	(15460, 14, '1612103', 596, 2),
	(15461, 14, '1612103', 590, 2),
	(15462, 14, '1612103', 595, 1),
	(15463, 14, '1612103', 588, 2),
	(15464, 14, '1612103', 587, 1),
	(15465, 14, '1612103', 563, 1),
	(15466, 14, '1612103', 591, 2),
	(15467, 14, '1612103', 567, 3),
	(15468, 14, '1612103', 578, 2),
	(15469, 14, '1612103', 568, 2),
	(15470, 14, '1612103', 586, 2),
	(15471, 14, '1612103', 599, 1),
	(15472, 14, '1612103', 581, 1),
	(15473, 14, '1612103', 564, 2),
	(15474, 14, '1612103', 585, 2),
	(15475, 14, '1612103', 573, 2),
	(15476, 14, '1612103', 594, 2),
	(15477, 14, '1612103', 577, 2),
	(15478, 14, '1612103', 593, 1),
	(15479, 14, '1612103', 589, 1),
	(15480, 14, '1612103', 561, 1),
	(15481, 14, '1612103', 582, 2),
	(15482, 14, '1812114', 591, 2),
	(15483, 14, '1812113', 562, 1),
	(15484, 14, '1812133', 576, 1),
	(15485, 14, '1812101', 573, 2),
	(15486, 14, '1812104', 598, 2),
	(15487, 14, '1812118', 562, 1),
	(15488, 14, '1812127', 588, 2),
	(15489, 14, '1812104', 573, 2),
	(15490, 14, '1812128', 594, 1),
	(15491, 14, '1812126', 580, 1),
	(15492, 14, '1812113', 566, 2),
	(15493, 14, '1812105', 562, 1),
	(15494, 14, '1812125', 590, 2),
	(15495, 14, '1812111', 565, 2),
	(15496, 14, '1812116', 592, 2),
	(15497, 14, '1812114', 564, 2),
	(15498, 14, '1812102', 566, 2),
	(15499, 14, '1812121', 598, 2),
	(15500, 14, '1812138', 570, 1),
	(15501, 14, '1812137', 583, 2),
	(15502, 14, '1812111', 573, 2),
	(15503, 14, '1812101', 569, 4),
	(15504, 14, '1812123', 563, 1),
	(15505, 14, '1812118', 598, 2),
	(15506, 14, '1812115', 574, 2),
	(15507, 14, '1812126', 565, 2),
	(15508, 14, '1812114', 584, 2),
	(15509, 14, '1812132', 578, 2),
	(15510, 14, '1812102', 587, 1),
	(15511, 14, '1812134', 565, 2),
	(15512, 14, '1812105', 577, 2),
	(15513, 14, '1812109', 586, 2),
	(15514, 14, '1812126', 564, 2),
	(15515, 14, '1812117', 577, 2),
	(15516, 14, '1812326', 600, 1),
	(15517, 14, '1812128', 598, 2),
	(15518, 14, '1812131', 590, 1),
	(15519, 14, '1812137', 561, 1),
	(15520, 14, '1812124', 574, 1),
	(15521, 14, '1812110', 599, 1),
	(15522, 14, '1812113', 599, 1),
	(15523, 14, '1812127', 591, 2),
	(15524, 14, '1812121', 584, 1),
	(15525, 14, '1812130', 592, 2),
	(15526, 14, '1812132', 583, 1),
	(15527, 14, '1812125', 593, 1),
	(15528, 14, '1812135', 564, 2),
	(15529, 14, '1812133', 574, 1),
	(15530, 14, '1812330', 568, 3),
	(15531, 14, '1812104', 586, 2),
	(15532, 14, '1812105', 566, 2),
	(15533, 14, '1812122', 597, 2),
	(15534, 14, '1812128', 597, 1),
	(15535, 14, '1812115', 575, 2),
	(15536, 14, '1812102', 600, 1),
	(15537, 14, '1812110', 563, 1),
	(15538, 14, '1812111', 585, 2),
	(15539, 14, '1812116', 578, 2),
	(15540, 14, '1812118', 577, 2),
	(15541, 14, '1812135', 592, 2),
	(15542, 14, '1812137', 566, 2),
	(15543, 14, '1812131', 596, 2),
	(15544, 14, '1812109', 600, 1),
	(15545, 14, '1812114', 569, 4),
	(15546, 14, '1812125', 584, 2),
	(15547, 14, '1812108', 586, 1),
	(15548, 14, '1812124', 577, 2),
	(15549, 14, '1812113', 587, 1),
	(15550, 14, '1812121', 574, 1),
	(15551, 14, '1812136', 567, 3),
	(15552, 14, '1812122', 593, 1),
	(15553, 14, '1812104', 593, 1),
	(15554, 14, '1812112', 584, 2),
	(15555, 14, '1812114', 561, 1),
	(15556, 14, '1812125', 561, 1),
	(15557, 14, '1812326', 565, 2),
	(15558, 14, '1812330', 581, 1),
	(15559, 14, '1812101', 576, 1),
	(15560, 14, '1812113', 595, 1),
	(15561, 14, '1812125', 573, 2),
	(15562, 14, '1812102', 585, 2),
	(15563, 14, '1812103', 568, 3),
	(15564, 14, '1812133', 567, 3),
	(15565, 14, '1812134', 563, 1),
	(15566, 14, '1812128', 564, 2),
	(15567, 14, '1812127', 569, 4),
	(15568, 14, '1812118', 566, 2),
	(15569, 14, '1812126', 591, 1),
	(15570, 14, '1812105', 571, 1),
	(15571, 14, '1812116', 576, 1),
	(15572, 14, '1812130', 575, 2),
	(15573, 14, '1812113', 572, 1),
	(15574, 14, '1812115', 569, 4),
	(15575, 14, '1812114', 577, 2),
	(15576, 14, '1812102', 572, 1),
	(15577, 14, '1812128', 573, 1),
	(15578, 14, '1812101', 579, 2),
	(15579, 14, '1812109', 570, 1),
	(15580, 14, '1812135', 567, 1),
	(15581, 14, '1812133', 594, 2),
	(15582, 14, '1812113', 570, 1),
	(15583, 14, '1812106', 587, 1),
	(15584, 14, '1812117', 564, 2),
	(15585, 14, '1812125', 589, 1),
	(15586, 14, '1812102', 564, 2),
	(15587, 14, '1812103', 593, 1),
	(15588, 14, '1812131', 582, 2),
	(15589, 14, '1812115', 598, 2),
	(15590, 14, '1812129', 588, 2),
	(15591, 14, '1812126', 594, 2),
	(15592, 14, '1812114', 574, 1),
	(15593, 14, '1812105', 569, 1),
	(15594, 14, '1812118', 600, 1),
	(15595, 14, '1812108', 574, 1),
	(15596, 14, '1812330', 597, 2),
	(15597, 14, '1812133', 561, 1),
	(15598, 14, '1812101', 599, 1),
	(15599, 14, '1812121', 582, 2),
	(15600, 14, '1812113', 571, 1),
	(15601, 14, '1812123', 587, 1),
	(15602, 14, '1812326', 578, 2),
	(15603, 14, '1812110', 590, 2),
	(15604, 14, '1812109', 595, 1),
	(15605, 14, '1812132', 599, 1),
	(15606, 14, '1812131', 573, 2),
	(15607, 14, '1812114', 596, 2),
	(15608, 14, '1812134', 582, 2),
	(15609, 14, '1812126', 575, 2),
	(15610, 14, '1812102', 597, 1),
	(15611, 14, '1812118', 579, 2),
	(15612, 14, '1812128', 589, 1),
	(15613, 14, '1812110', 566, 2),
	(15614, 14, '1812122', 590, 2),
	(15615, 14, '1812133', 564, 2),
	(15616, 14, '1812137', 590, 2),
	(15617, 14, '1812114', 595, 1),
	(15618, 14, '1812103', 595, 1),
	(15619, 14, '1812101', 574, 1),
	(15620, 14, '1812124', 588, 2),
	(15621, 14, '1812126', 568, 2),
	(15622, 14, '1812125', 599, 1),
	(15623, 14, '1812105', 564, 2),
	(15624, 14, '1812120', 576, 1),
	(15625, 14, '1812120', 574, 1),
	(15626, 14, '1812121', 570, 2),
	(15627, 14, '1812106', 592, 2),
	(15628, 14, '1812132', 587, 1),
	(15629, 14, '1812118', 574, 1),
	(15630, 14, '1812128', 582, 2),
	(15631, 14, '1812135', 569, 2),
	(15632, 14, '1812114', 566, 2),
	(15633, 14, '1812109', 563, 1),
	(15634, 14, '1812115', 581, 2),
	(15635, 14, '1812110', 591, 2),
	(15636, 14, '1812105', 561, 1),
	(15637, 14, '1812123', 582, 2),
	(15638, 14, '1812330', 578, 1),
	(15639, 14, '1812138', 584, 1),
	(15640, 14, '1812137', 595, 1),
	(15641, 14, '1812128', 570, 1),
	(15642, 14, '1812126', 574, 1),
	(15643, 14, '1812127', 576, 2),
	(15644, 14, '1812108', 581, 1),
	(15645, 14, '1812103', 572, 1),
	(15646, 14, '1812114', 579, 2),
	(15647, 14, '1812125', 585, 2),
	(15648, 14, '1812117', 565, 2),
	(15649, 14, '1812115', 562, 1),
	(15650, 14, '1812136', 571, 2),
	(15651, 14, '1812126', 563, 2),
	(15652, 14, '1812102', 589, 1),
	(15653, 14, '1812135', 584, 1),
	(15654, 14, '1812133', 565, 2),
	(15655, 14, '1812111', 592, 2),
	(15656, 14, '1812126', 573, 2),
	(15657, 14, '1812101', 590, 2),
	(15658, 14, '1812112', 583, 2),
	(15659, 14, '1812104', 590, 2),
	(15660, 14, '1812132', 596, 1),
	(15661, 14, '1812102', 591, 2),
	(15662, 14, '1812125', 598, 2),
	(15663, 14, '1812326', 571, 1),
	(15664, 14, '1812330', 569, 4),
	(15665, 14, '1812118', 592, 2),
	(15666, 14, '1812117', 573, 2),
	(15667, 14, '1812108', 562, 1),
	(15668, 14, '1812110', 600, 1),
	(15669, 14, '1812133', 573, 2),
	(15670, 14, '1812115', 582, 1),
	(15671, 14, '1812122', 574, 1),
	(15672, 14, '1812101', 595, 1),
	(15673, 14, '1812131', 561, 1),
	(15674, 14, '1812124', 600, 1),
	(15675, 14, '1812128', 580, 1),
	(15676, 14, '1812330', 570, 1),
	(15677, 14, '1812111', 588, 2),
	(15678, 14, '1812109', 574, 1),
	(15679, 14, '1812135', 570, 1),
	(15680, 14, '1812120', 575, 2),
	(15681, 14, '1812116', 586, 2),
	(15682, 14, '1812118', 588, 2),
	(15683, 14, '1812114', 568, 2),
	(15684, 14, '1812103', 578, 2),
	(15685, 14, '1812113', 581, 1),
	(15686, 14, '1812106', 599, 1),
	(15687, 14, '1812126', 578, 2),
	(15688, 14, '1812129', 591, 1),
	(15689, 14, '1812326', 562, 2),
	(15690, 14, '1812127', 579, 2),
	(15691, 14, '1812102', 571, 1),
	(15692, 14, '1812125', 575, 2),
	(15693, 14, '1812138', 599, 1),
	(15694, 14, '1812118', 587, 1),
	(15695, 14, '1812111', 566, 2),
	(15696, 14, '1812114', 575, 2),
	(15697, 14, '1812126', 598, 2),
	(15698, 14, '1812104', 581, 1),
	(15699, 14, '1812110', 570, 1),
	(15700, 14, '1812133', 597, 1),
	(15701, 14, '1812112', 589, 1),
	(15702, 14, '1812131', 578, 2),
	(15703, 14, '1812123', 589, 1),
	(15704, 14, '1812138', 596, 2),
	(15705, 14, '1812130', 581, 1),
	(15706, 14, '1812113', 598, 2),
	(15707, 14, '1812121', 590, 2),
	(15708, 14, '1812116', 596, 1),
	(15709, 14, '1812101', 592, 2),
	(15710, 14, '1812134', 597, 2),
	(15711, 14, '1812111', 583, 1),
	(15712, 14, '1812114', 586, 2),
	(15713, 14, '1812117', 583, 1),
	(15714, 14, '1812118', 590, 2),
	(15715, 14, '1812102', 576, 1),
	(15716, 14, '1812108', 570, 1),
	(15717, 14, '1812125', 576, 1),
	(15718, 14, '1812105', 568, 2),
	(15719, 14, '1812104', 572, 1),
	(15720, 14, '1812127', 573, 2),
	(15721, 14, '1812126', 567, 3),
	(15722, 14, '1812136', 599, 1),
	(15723, 14, '1812103', 577, 2),
	(15724, 14, '1812115', 587, 1),
	(15725, 14, '1812114', 600, 1),
	(15726, 14, '1812135', 583, 2),
	(15727, 14, '1812138', 566, 1),
	(15728, 14, '1812116', 595, 1),
	(15729, 14, '1812122', 579, 1),
	(15730, 14, '1812102', 592, 2),
	(15731, 14, '1812109', 576, 1),
	(15732, 14, '1812121', 599, 1),
	(15733, 14, '1812126', 570, 2),
	(15734, 14, '1812105', 582, 2),
	(15735, 14, '1812101', 587, 1),
	(15736, 14, '1812118', 575, 2),
	(15737, 14, '1812113', 582, 1),
	(15738, 14, '1812132', 571, 1),
	(15739, 14, '1812102', 596, 1),
	(15740, 14, '1812114', 597, 2),
	(15741, 14, '1812104', 563, 1),
	(15742, 14, '1812123', 588, 2),
	(15743, 14, '1812130', 587, 1),
	(15744, 14, '1812111', 594, 2),
	(15745, 14, '1812126', 577, 1),
	(15746, 14, '1812134', 585, 2),
	(15747, 14, '1812120', 587, 1),
	(15748, 14, '1812114', 598, 2),
	(15749, 14, '1812117', 600, 1),
	(15750, 14, '1812128', 569, 3),
	(15751, 14, '1812136', 600, 1),
	(15752, 14, '1812131', 599, 2),
	(15753, 14, '1812330', 592, 2),
	(15754, 14, '1812126', 593, 1),
	(15755, 14, '1812118', 597, 2),
	(15756, 14, '1812137', 582, 1),
	(15757, 14, '1812114', 582, 2),
	(15758, 14, '1812127', 597, 1),
	(15759, 14, '1812112', 570, 1),
	(15760, 14, '1812133', 599, 2),
	(15761, 14, '1812109', 582, 1),
	(15762, 14, '1812110', 597, 2),
	(15763, 14, '1812115', 576, 1),
	(15764, 14, '1812130', 561, 1),
	(15765, 14, '1812138', 571, 1),
	(15766, 14, '1812106', 564, 2),
	(15767, 14, '1812326', 567, 3),
	(15768, 14, '1812102', 579, 2),
	(15769, 14, '1812128', 600, 1),
	(15770, 14, '1812121', 597, 2),
	(15771, 14, '1812124', 576, 1),
	(15772, 14, '1812120', 598, 2),
	(15773, 14, '1812136', 592, 2),
	(15774, 14, '1812104', 599, 1),
	(15775, 14, '1812110', 561, 1),
	(15776, 14, '1812137', 596, 2),
	(15777, 14, '1812115', 572, 1),
	(15778, 14, '1812106', 596, 1),
	(15779, 14, '1812132', 581, 1),
	(15780, 14, '1812113', 568, 2),
	(15781, 14, '1812138', 582, 1),
	(15782, 14, '1812105', 565, 2),
	(15783, 14, '1812125', 582, 2),
	(15784, 14, '1812102', 577, 1),
	(15785, 14, '1812112', 587, 2),
	(15786, 14, '1812104', 583, 2),
	(15787, 14, '1812114', 578, 2),
	(15788, 14, '1812117', 587, 1),
	(15789, 14, '1812118', 582, 2),
	(15790, 14, '1812125', 586, 2),
	(15791, 14, '1812116', 598, 2),
	(15792, 14, '1812109', 577, 2),
	(15793, 14, '1812123', 593, 1),
	(15794, 14, '1812122', 567, 3),
	(15795, 14, '1812108', 589, 1),
	(15796, 14, '1812102', 580, 2),
	(15797, 14, '1812120', 566, 2),
	(15798, 14, '1812103', 569, 4),
	(15799, 14, '1812106', 588, 2),
	(15800, 14, '1812125', 591, 2),
	(15801, 14, '1812104', 597, 1),
	(15802, 14, '1812110', 576, 1),
	(15803, 14, '1812132', 564, 2),
	(15804, 14, '1812130', 594, 2),
	(15805, 14, '1812127', 598, 2),
	(15806, 14, '1812123', 600, 1),
	(15807, 14, '1812118', 594, 2),
	(15808, 14, '1812126', 581, 1),
	(15809, 14, '1812124', 570, 2),
	(15810, 14, '1812111', 590, 1),
	(15811, 14, '1812114', 592, 2),
	(15812, 14, '1812102', 590, 2),
	(15813, 14, '1812109', 591, 1),
	(15814, 14, '1812133', 569, 4),
	(15815, 14, '1812122', 580, 1),
	(15816, 14, '1812108', 596, 1),
	(15817, 14, '1812113', 567, 3),
	(15818, 14, '1812129', 581, 1),
	(15819, 14, '1812128', 590, 1),
	(15820, 14, '1812112', 585, 2),
	(15821, 14, '1812125', 583, 1),
	(15822, 14, '1812135', 589, 1),
	(15823, 14, '1812132', 566, 1),
	(15824, 14, '1812104', 580, 1),
	(15825, 14, '1812326', 599, 1),
	(15826, 14, '1812116', 580, 2),
	(15827, 14, '1812133', 571, 1),
	(15828, 14, '1812137', 567, 3),
	(15829, 14, '1812138', 579, 2),
	(15830, 14, '1812126', 599, 1),
	(15831, 14, '1812115', 590, 2),
	(15832, 14, '1812130', 568, 1),
	(15833, 14, '1812132', 573, 2),
	(15834, 14, '1812114', 571, 1),
	(15835, 14, '1812102', 586, 2),
	(15836, 14, '1812104', 576, 1),
	(15837, 14, '1812125', 567, 3),
	(15838, 14, '1812131', 581, 1),
	(15839, 14, '1812105', 567, 3),
	(15840, 14, '1812113', 576, 1),
	(15841, 14, '1812127', 563, 1),
	(15842, 14, '1812117', 571, 1),
	(15843, 14, '1812123', 599, 1),
	(15844, 14, '1812126', 562, 1),
	(15845, 14, '1812330', 590, 2),
	(15846, 14, '1812114', 576, 1),
	(15847, 14, '1812111', 569, 4),
	(15848, 14, '1812109', 579, 2),
	(15849, 14, '1812118', 581, 1),
	(15850, 14, '1812103', 576, 1),
	(15851, 14, '1812101', 568, 3),
	(15852, 14, '1812125', 566, 2),
	(15853, 14, '1812128', 566, 1),
	(15854, 14, '1812112', 595, 1),
	(15855, 14, '1812134', 598, 2),
	(15856, 14, '1812104', 587, 1),
	(15857, 14, '1812120', 582, 2),
	(15858, 14, '1812122', 583, 1),
	(15859, 14, '1812136', 563, 1),
	(15860, 14, '1812133', 575, 2),
	(15861, 14, '1812106', 567, 3),
	(15862, 14, '1812114', 588, 2),
	(15863, 14, '1812108', 584, 2),
	(15864, 14, '1812113', 575, 2),
	(15865, 14, '1812121', 578, 2),
	(15866, 14, '1812105', 580, 1),
	(15867, 14, '1812104', 591, 1),
	(15868, 14, '1812137', 588, 2),
	(15869, 14, '1812110', 575, 2),
	(15870, 14, '1812132', 577, 1),
	(15871, 14, '1812131', 565, 2),
	(15872, 14, '1812124', 585, 2),
	(15873, 14, '1812126', 569, 4),
	(15874, 14, '1812116', 565, 2),
	(15875, 14, '1812128', 595, 1),
	(15876, 14, '1812111', 562, 1),
	(15877, 14, '1812122', 562, 1),
	(15878, 14, '1812138', 589, 1),
	(15879, 14, '1812115', 571, 1),
	(15880, 14, '1812125', 588, 2),
	(15881, 14, '1812101', 583, 2),
	(15882, 14, '1812118', 565, 1),
	(15883, 14, '1812104', 562, 2),
	(15884, 14, '1812133', 600, 1),
	(15885, 14, '1812330', 585, 2),
	(15886, 14, '1812126', 595, 1),
	(15887, 14, '1812123', 594, 2),
	(15888, 14, '1812127', 587, 1),
	(15889, 14, '1812326', 588, 2),
	(15890, 14, '1812114', 599, 1),
	(15891, 14, '1812138', 563, 1),
	(15892, 14, '1812105', 588, 2),
	(15893, 14, '1812129', 566, 2),
	(15894, 14, '1812125', 587, 1),
	(15895, 14, '1812115', 591, 1),
	(15896, 14, '1812130', 582, 1),
	(15897, 14, '1812133', 563, 1),
	(15898, 14, '1812126', 566, 2),
	(15899, 14, '1812118', 586, 2),
	(15900, 14, '1812137', 570, 1),
	(15901, 14, '1812136', 583, 1),
	(15902, 14, '1812111', 599, 1),
	(15903, 14, '1812108', 598, 2),
	(15904, 14, '1812106', 580, 2),
	(15905, 14, '1812101', 565, 1),
	(15906, 14, '1812135', 561, 2),
	(15907, 14, '1812120', 572, 1),
	(15908, 14, '1812109', 581, 2),
	(15909, 14, '1812126', 584, 2),
	(15910, 14, '1812123', 576, 1),
	(15911, 14, '1812128', 599, 1),
	(15912, 14, '1812112', 591, 2),
	(15913, 14, '1812132', 589, 1),
	(15914, 14, '1812114', 572, 1),
	(15915, 14, '1812124', 586, 2),
	(15916, 14, '1812101', 562, 1),
	(15917, 14, '1812118', 563, 1),
	(15918, 14, '1812326', 591, 1),
	(15919, 14, '1812133', 596, 2),
	(15920, 14, '1812121', 567, 3),
	(15921, 14, '1812138', 588, 2),
	(15922, 14, '1812125', 564, 2),
	(15923, 14, '1812122', 585, 2),
	(15924, 14, '1812106', 573, 2),
	(15925, 14, '1812117', 585, 1),
	(15926, 14, '1812114', 562, 1),
	(15927, 14, '1812111', 572, 1),
	(15928, 14, '1812109', 561, 1),
	(15929, 14, '1812123', 597, 2),
	(15930, 14, '1812108', 600, 1),
	(15931, 14, '1812326', 573, 2),
	(15932, 14, '1812129', 579, 2),
	(15933, 14, '1812126', 572, 1),
	(15934, 14, '1812104', 567, 3),
	(15935, 14, '1812125', 563, 1),
	(15936, 14, '1812112', 593, 1),
	(15937, 14, '1812110', 578, 2),
	(15938, 14, '1812113', 580, 2),
	(15939, 14, '1812116', 571, 1),
	(15940, 14, '1812136', 593, 1),
	(15941, 14, '1812330', 571, 1),
	(15942, 14, '1812122', 563, 1),
	(15943, 14, '1812115', 586, 2),
	(15944, 14, '1812135', 578, 2),
	(15945, 14, '1812106', 585, 2),
	(15946, 14, '1812114', 567, 3),
	(15947, 14, '1812133', 595, 1),
	(15948, 14, '1812127', 565, 2),
	(15949, 14, '1812125', 592, 2),
	(15950, 14, '1812326', 561, 1),
	(15951, 14, '1812118', 571, 1),
	(15952, 14, '1812116', 561, 1),
	(15953, 14, '1812131', 597, 2),
	(15954, 14, '1812113', 574, 1),
	(15955, 14, '1812136', 573, 2),
	(15956, 14, '1812124', 595, 1),
	(15957, 14, '1812104', 577, 2),
	(15958, 14, '1812122', 595, 1),
	(15959, 14, '1812114', 587, 1),
	(15960, 14, '1812112', 579, 2),
	(15961, 14, '1812110', 595, 1),
	(15962, 14, '1812115', 570, 1),
	(15963, 14, '1812121', 581, 1),
	(15964, 14, '1812132', 562, 2),
	(15965, 14, '1812116', 573, 2),
	(15966, 14, '1812135', 595, 1),
	(15967, 14, '1812137', 575, 2),
	(15968, 14, '1812114', 583, 2),
	(15969, 14, '1812104', 565, 2),
	(15970, 14, '1812113', 591, 1),
	(15971, 14, '1812118', 583, 2),
	(15972, 14, '1812120', 580, 2),
	(15973, 14, '1812110', 577, 2),
	(15974, 14, '1812111', 575, 2),
	(15975, 14, '1812330', 582, 1),
	(15976, 14, '1812133', 580, 1),
	(15977, 14, '1812128', 568, 3),
	(15978, 14, '1812116', 562, 1),
	(15979, 14, '1812134', 580, 1),
	(15980, 14, '1812326', 582, 2),
	(15981, 14, '1812105', 575, 2),
	(15982, 14, '1812126', 579, 2),
	(15983, 14, '1812113', 585, 2),
	(15984, 14, '1812114', 580, 2),
	(15985, 14, '1812103', 600, 1),
	(15986, 14, '1812121', 577, 2),
	(15987, 14, '1812138', 568, 3),
	(15988, 14, '1812115', 600, 1),
	(15989, 14, '1812129', 572, 1),
	(15990, 14, '1812122', 565, 2),
	(15991, 14, '1812123', 566, 2),
	(15992, 14, '1812124', 563, 1),
	(15993, 14, '1812101', 567, 3),
	(15994, 14, '1812109', 594, 2),
	(15995, 14, '1812111', 595, 1),
	(15996, 14, '1812136', 580, 1),
	(15997, 14, '1812129', 577, 2),
	(15998, 14, '1812330', 577, 1),
	(15999, 14, '1812134', 561, 1),
	(16000, 14, '1812116', 577, 2),
	(16001, 14, '1812127', 586, 2),
	(16002, 14, '1812135', 575, 2),
	(16003, 14, '1812114', 590, 2),
	(16004, 14, '1812121', 565, 2),
	(16005, 14, '1812123', 570, 1),
	(16006, 14, '1812106', 572, 1),
	(16007, 14, '1812122', 596, 1),
	(16008, 14, '1812129', 562, 1),
	(16009, 14, '1812131', 566, 1),
	(16010, 14, '1812114', 573, 2),
	(16011, 14, '1812138', 574, 1),
	(16012, 14, '1812330', 566, 2),
	(16013, 14, '1812109', 593, 1),
	(16014, 14, '1812101', 588, 2),
	(16015, 14, '1812114', 570, 1),
	(16016, 14, '1812133', 586, 2),
	(16017, 14, '1812128', 593, 2),
	(16018, 14, '1812126', 587, 1),
	(16019, 14, '1812135', 563, 2),
	(16020, 14, '1812122', 573, 2),
	(16021, 14, '1812118', 576, 2),
	(16022, 14, '1812114', 594, 2),
	(16023, 14, '1812101', 566, 2),
	(16024, 14, '1812120', 571, 1),
	(16025, 14, '1812108', 568, 2),
	(16026, 14, '1812105', 576, 1),
	(16027, 14, '1812104', 571, 1),
	(16028, 14, '1812330', 583, 1),
	(16029, 14, '1812124', 593, 1),
	(16030, 14, '1812125', 581, 1),
	(16031, 14, '1812104', 584, 1),
	(16032, 14, '1812128', 584, 2),
	(16033, 14, '1812126', 586, 2),
	(16034, 14, '1812136', 584, 1),
	(16035, 14, '1812106', 578, 2),
	(16036, 14, '1812137', 580, 1),
	(16037, 14, '1812121', 592, 2),
	(16038, 14, '1812134', 592, 2),
	(16039, 14, '1812330', 573, 2),
	(16040, 14, '1812114', 563, 1),
	(16041, 14, '1812102', 581, 1),
	(16042, 14, '1812103', 571, 1),
	(16043, 14, '1812130', 597, 1),
	(16044, 14, '1812109', 598, 2),
	(16045, 14, '1812129', 574, 1),
	(16046, 14, '1812135', 571, 1),
	(16047, 14, '1812128', 565, 1),
	(16048, 14, '1812111', 589, 2),
	(16049, 14, '1812127', 567, 3),
	(16050, 14, '1812125', 574, 1),
	(16051, 14, '1812115', 578, 2),
	(16052, 14, '1812108', 582, 1),
	(16053, 14, '1812138', 600, 2),
	(16054, 14, '1812118', 584, 1),
	(16055, 14, '1812116', 581, 1),
	(16056, 14, '1812104', 594, 2),
	(16057, 14, '1812122', 566, 2),
	(16058, 14, '1812135', 573, 2),
	(16059, 14, '1812114', 593, 1),
	(16060, 14, '1812330', 563, 1),
	(16061, 14, '1812106', 582, 1),
	(16062, 14, '1812126', 592, 2),
	(16063, 14, '1812121', 596, 2),
	(16064, 14, '1812102', 578, 2),
	(16065, 14, '1812113', 594, 2),
	(16066, 14, '1812109', 578, 2),
	(16067, 14, '1812330', 595, 1),
	(16068, 14, '1812118', 567, 3),
	(16069, 14, '1812125', 571, 1),
	(16070, 14, '1812117', 568, 1),
	(16071, 14, '1812122', 570, 1),
	(16072, 14, '1812101', 593, 1),
	(16073, 14, '1812136', 577, 2),
	(16074, 14, '1812104', 588, 2),
	(16075, 14, '1812127', 572, 1),
	(16076, 14, '1812103', 579, 2),
	(16077, 14, '1812121', 593, 1),
	(16078, 14, '1812130', 585, 1),
	(16079, 14, '1812114', 581, 1),
	(16080, 14, '1812110', 581, 1),
	(16081, 14, '1812111', 586, 2),
	(16082, 14, '1812326', 590, 2),
	(16083, 14, '1812115', 579, 2),
	(16084, 14, '1812118', 561, 1),
	(16085, 14, '1812106', 566, 2),
	(16086, 14, '1812135', 600, 1),
	(16087, 14, '1812105', 599, 1),
	(16088, 14, '1812138', 580, 1),
	(16089, 14, '1812110', 573, 2),
	(16090, 14, '1812126', 600, 1),
	(16091, 14, '1812131', 571, 2),
	(16092, 14, '1812108', 575, 2),
	(16093, 14, '1812109', 565, 2),
	(16094, 14, '1812114', 585, 2),
	(16095, 14, '1812130', 591, 2),
	(16096, 14, '1812125', 594, 2),
	(16097, 14, '1812330', 593, 1),
	(16098, 14, '1812111', 564, 2),
	(16099, 14, '1812116', 599, 1),
	(16100, 14, '1812129', 589, 1),
	(16101, 14, '1812123', 583, 2),
	(16102, 14, '1812122', 575, 2),
	(16103, 14, '1812136', 588, 2),
	(16104, 14, '1812127', 562, 1),
	(16105, 14, '1812124', 564, 2),
	(16106, 14, '1812121', 585, 2),
	(16107, 14, '1812120', 589, 2),
	(16108, 14, '1812138', 593, 1),
	(16109, 14, '1812105', 595, 1),
	(16110, 14, '1812134', 586, 2),
	(16111, 14, '1812133', 581, 2),
	(16112, 14, '1812118', 580, 2),
	(16113, 14, '1812101', 571, 1),
	(16114, 14, '1812117', 597, 2),
	(16115, 14, '1812126', 589, 1),
	(16116, 14, '1812105', 596, 1),
	(16117, 14, '1812131', 564, 2),
	(16118, 14, '1812103', 591, 2),
	(16119, 14, '1812104', 570, 2),
	(16120, 14, '1812123', 591, 2),
	(16121, 14, '1812130', 588, 2),
	(16122, 14, '1812109', 585, 2),
	(16123, 14, '1812120', 595, 1),
	(16124, 14, '1812125', 562, 1),
	(16125, 14, '1812111', 600, 1),
	(16126, 14, '1812101', 572, 1),
	(16127, 14, '1812128', 586, 1),
	(16128, 14, '1812104', 561, 1),
	(16129, 14, '1812326', 598, 2),
	(16130, 14, '1812135', 586, 2),
	(16131, 14, '1812134', 577, 2),
	(16132, 14, '1812110', 598, 2),
	(16133, 14, '1812116', 563, 1),
	(16134, 14, '1812330', 598, 2),
	(16135, 14, '1812115', 594, 2),
	(16136, 14, '1812118', 593, 1),
	(16137, 14, '1812133', 566, 2),
	(16138, 14, '1812114', 565, 1),
	(16139, 14, '1812102', 594, 2),
	(16140, 14, '1812113', 589, 1),
	(16141, 14, '1812125', 596, 2),
	(16142, 14, '1812108', 578, 2),
	(16143, 14, '1812104', 596, 1),
	(16144, 14, '1812130', 566, 2),
	(16145, 14, '1812109', 588, 2),
	(16146, 14, '1812121', 589, 1),
	(16147, 14, '1812137', 568, 2),
	(16148, 14, '1812138', 569, 4),
	(16149, 14, '1812136', 598, 2),
	(16150, 14, '1812122', 582, 1),
	(16151, 14, '1812118', 564, 2),
	(16152, 14, '1812105', 584, 1),
	(16153, 14, '1812135', 579, 1),
	(16154, 14, '1812101', 600, 1),
	(16155, 14, '1812126', 588, 2),
	(16156, 14, '1812113', 577, 2),
	(16157, 14, '1812330', 591, 1),
	(16158, 14, '1812120', 597, 2),
	(16159, 14, '1812104', 600, 1),
	(16160, 14, '1812114', 589, 1),
	(16161, 14, '1812112', 599, 2),
	(16162, 14, '1812125', 572, 1),
	(16163, 14, '1812113', 573, 2),
	(16164, 14, '1812117', 592, 2),
	(16165, 14, '1812131', 593, 2),
	(16166, 14, '1812101', 561, 2),
	(16167, 14, '1812115', 580, 2),
	(16168, 14, '1812326', 566, 2),
	(16169, 14, '1812133', 572, 1),
	(16170, 14, '1812109', 572, 1),
	(16171, 14, '1812132', 582, 1),
	(16172, 14, '1812111', 580, 1),
	(16173, 14, '1812103', 565, 2),
	(16174, 14, '1812126', 590, 2),
	(16175, 14, '1812136', 566, 2),
	(16176, 14, '1812330', 596, 2),
	(16177, 14, '1812125', 570, 2),
	(16178, 14, '1812121', 579, 2),
	(16179, 14, '1812104', 578, 2),
	(16180, 14, '1812126', 582, 1),
	(16181, 14, '1812118', 578, 2),
	(16182, 14, '1812130', 596, 2),
	(16183, 14, '1812106', 589, 1),
	(16184, 14, '1812111', 570, 1),
	(16185, 14, '1812135', 591, 1),
	(16186, 14, '1812122', 586, 2),
	(16187, 14, '1812113', 597, 2),
	(16188, 14, '1812108', 571, 1),
	(16189, 14, '1812101', 570, 1),
	(16190, 14, '1812128', 588, 2),
	(16191, 14, '1812118', 572, 1),
	(16192, 14, '1812124', 584, 1),
	(16193, 14, '1812103', 598, 2),
	(16194, 14, '1812117', 586, 2),
	(16195, 14, '1812109', 587, 1),
	(16196, 14, '1812105', 587, 1),
	(16197, 14, '1812102', 569, 4),
	(16198, 14, '1812120', 567, 3),
	(16199, 14, '1812110', 589, 1),
	(16200, 14, '1812126', 561, 1),
	(16201, 14, '1812330', 565, 1),
	(16202, 14, '1812104', 574, 1),
	(16203, 14, '1812138', 581, 1),
	(16204, 14, '1812130', 599, 1),
	(16205, 14, '1812106', 600, 1),
	(16206, 14, '1812326', 574, 1),
	(16207, 14, '1812111', 578, 2),
	(16208, 14, '1812121', 587, 1),
	(16209, 14, '1812113', 600, 1),
	(16210, 14, '1812123', 565, 1),
	(16211, 14, '1812118', 599, 1),
	(16212, 14, '1812101', 563, 1),
	(16213, 14, '1812105', 594, 2),
	(16214, 14, '1812128', 576, 1),
	(16215, 14, '1812137', 574, 1),
	(16216, 14, '1812104', 589, 2),
	(16217, 14, '1812125', 565, 1),
	(16218, 14, '1812135', 597, 2),
	(16219, 14, '1812130', 577, 2),
	(16220, 14, '1812132', 567, 3),
	(16221, 14, '1812126', 585, 2),
	(16222, 14, '1812138', 583, 2),
	(16223, 14, '1812113', 593, 1),
	(16224, 14, '1812117', 599, 1),
	(16225, 14, '1812106', 595, 1),
	(16226, 14, '1812111', 582, 1),
	(16227, 14, '1812128', 596, 2),
	(16228, 14, '1812126', 571, 1),
	(16229, 14, '1812105', 591, 2),
	(16230, 14, '1812104', 582, 2),
	(16231, 14, '1812127', 581, 1),
	(16232, 14, '1812118', 596, 2),
	(16233, 14, '1812108', 580, 1),
	(16234, 14, '1812138', 573, 2),
	(16235, 14, '1812112', 596, 1),
	(16236, 14, '1812136', 590, 2),
	(16237, 14, '1812126', 596, 1),
	(16238, 14, '1812125', 579, 2),
	(16239, 14, '1812132', 574, 1),
	(16240, 14, '1812115', 564, 2),
	(16241, 14, '1812102', 582, 2),
	(16242, 14, '1812113', 586, 2),
	(16243, 14, '1812120', 569, 4),
	(16244, 14, '1812101', 580, 2),
	(16245, 14, '1812106', 565, 2),
	(16246, 14, '1812125', 595, 1),
	(16247, 14, '1812138', 591, 2),
	(16248, 14, '1812111', 593, 1),
	(16249, 14, '1812118', 595, 1),
	(16250, 14, '1812117', 591, 2),
	(16251, 14, '1812104', 585, 2),
	(16252, 14, '1812127', 570, 1),
	(16253, 14, '1812121', 569, 3),
	(16254, 14, '1812110', 574, 1),
	(16255, 14, '1812109', 597, 2),
	(16256, 14, '1812134', 568, 3),
	(16257, 14, '1812128', 575, 2),
	(16258, 14, '1812102', 583, 2),
	(16259, 14, '1812126', 576, 2),
	(16260, 14, '1812118', 570, 1),
	(16261, 14, '1812106', 562, 1),
	(16262, 14, '1812137', 598, 2),
	(16263, 14, '1812138', 595, 1),
	(16264, 14, '1812135', 599, 1),
	(16265, 14, '1812105', 563, 1),
	(16266, 14, '1812130', 586, 2),
	(16267, 14, '1812126', 583, 2),
	(16268, 14, '1812133', 598, 2),
	(16269, 14, '1812113', 584, 1),
	(16270, 14, '1812115', 565, 1),
	(16271, 14, '1812128', 583, 1),
	(16272, 14, '1812330', 589, 1),
	(16273, 14, '1812118', 591, 2),
	(16274, 14, '1812111', 567, 3),
	(16275, 14, '1812122', 561, 1),
	(16276, 14, '1812112', 563, 2),
	(16277, 14, '1812108', 599, 1),
	(16278, 14, '1812121', 575, 2),
	(16279, 14, '1812137', 579, 2),
	(16280, 14, '1812132', 597, 1),
	(16281, 14, '1812103', 564, 2),
	(16282, 14, '1812117', 579, 2),
	(16283, 14, '1812133', 577, 2),
	(16284, 14, '1812125', 569, 4),
	(16285, 14, '1812135', 593, 1),
	(16286, 14, '1812126', 597, 1),
	(16287, 14, '1812138', 562, 1),
	(16288, 14, '1812102', 565, 1),
	(16289, 14, '1812104', 564, 1),
	(16290, 14, '1812330', 564, 2),
	(16291, 14, '1812115', 584, 1),
	(16292, 14, '1812136', 589, 1),
	(16293, 14, '1812125', 597, 2),
	(16294, 14, '1812127', 585, 2),
	(16295, 14, '1812101', 584, 1),
	(16296, 14, '1812128', 572, 2),
	(16297, 14, '1812137', 600, 1),
	(16298, 14, '1812102', 595, 1),
	(16299, 14, '1812116', 587, 1),
	(16300, 14, '1812113', 569, 4),
	(16301, 14, '1812104', 595, 1),
	(16302, 14, '1812120', 586, 2),
	(16303, 14, '1812132', 600, 1),
	(16304, 14, '1812109', 589, 1),
	(16305, 14, '1812138', 577, 2),
	(16306, 14, '1812110', 571, 1),
	(16307, 14, '1812108', 564, 2),
	(16308, 14, '1812134', 567, 3),
	(16309, 14, '1812128', 577, 2),
	(16310, 14, '1812135', 585, 2),
	(16311, 14, '1812123', 592, 1),
	(16312, 14, '1812121', 580, 1),
	(16313, 14, '1812111', 581, 1),
	(16314, 14, '1812133', 592, 2),
	(16315, 14, '1812101', 598, 2),
	(16316, 14, '1812108', 563, 1),
	(16317, 14, '1812129', 569, 4),
	(16318, 14, '1812127', 583, 2),
	(16319, 14, '1812136', 570, 2),
	(16320, 14, '1812117', 593, 1),
	(16321, 14, '1812110', 572, 1),
	(16322, 14, '1812101', 591, 2),
	(16323, 14, '1812115', 561, 1),
	(16324, 14, '1812131', 588, 2),
	(16325, 14, '1812102', 568, 2),
	(16326, 14, '1812112', 568, 2),
	(16327, 14, '1812128', 567, 3),
	(16328, 14, '1812125', 600, 1),
	(16329, 14, '1812103', 566, 1),
	(16330, 14, '1812132', 570, 1),
	(16331, 14, '1812113', 596, 2),
	(16332, 14, '1812109', 599, 1),
	(16333, 14, '1812330', 579, 1),
	(16334, 14, '1812136', 572, 1),
	(16335, 14, '1812124', 575, 2),
	(16336, 14, '1812118', 568, 2),
	(16337, 14, '1812108', 583, 2),
	(16338, 14, '1812125', 577, 2),
	(16339, 14, '1812109', 573, 2),
	(16340, 14, '1812133', 593, 1),
	(16341, 14, '1812128', 561, 1),
	(16342, 14, '1812121', 572, 1),
	(16343, 14, '1812105', 574, 2),
	(16344, 14, '1812106', 563, 1),
	(16345, 14, '1812101', 585, 2),
	(16346, 14, '1812138', 585, 2),
	(16347, 14, '1812102', 593, 1),
	(16348, 14, '1812113', 583, 2),
	(16349, 14, '1812123', 578, 2),
	(16350, 14, '1812109', 584, 1),
	(16351, 14, '1812330', 572, 1),
	(16352, 14, '1812132', 561, 1),
	(16353, 14, '1812127', 574, 1),
	(16354, 14, '1812130', 593, 1),
	(16355, 14, '1812113', 561, 1),
	(16356, 14, '1812115', 599, 1),
	(16357, 14, '1812116', 590, 2),
	(16358, 14, '1812121', 595, 1),
	(16359, 14, '1812109', 562, 1),
	(16360, 14, '1812135', 576, 2),
	(16361, 14, '1812117', 590, 1),
	(16362, 14, '1812111', 568, 2),
	(16363, 14, '1812128', 581, 2),
	(16364, 14, '1812130', 573, 2),
	(16365, 14, '1812108', 585, 2),
	(16366, 14, '1812137', 599, 1),
	(16367, 14, '1812138', 594, 2),
	(16368, 14, '1812106', 583, 2),
	(16369, 14, '1812102', 599, 1),
	(16370, 14, '1812125', 578, 2),
	(16371, 14, '1812101', 597, 2),
	(16372, 14, '1812131', 585, 2),
	(16373, 14, '1812135', 562, 1),
	(16374, 14, '1812330', 594, 1),
	(16375, 14, '1812129', 567, 3),
	(16376, 14, '1812118', 585, 2),
	(16377, 14, '1812129', 568, 2),
	(16378, 14, '1812116', 567, 3),
	(16379, 14, '1812121', 594, 2),
	(16380, 14, '1812129', 565, 1),
	(16381, 14, '1812113', 565, 1),
	(16382, 14, '1812102', 584, 2),
	(16383, 14, '1812112', 581, 1),
	(16384, 14, '1812101', 564, 2),
	(16385, 14, '1812129', 585, 2),
	(16386, 14, '1812134', 571, 1),
	(16387, 14, '1812115', 596, 2),
	(16388, 14, '1812128', 585, 2),
	(16389, 14, '1812330', 580, 1),
	(16390, 14, '1812129', 598, 2),
	(16391, 14, '1812127', 575, 2),
	(16392, 14, '1812129', 586, 2),
	(16393, 14, '1812121', 562, 1),
	(16394, 14, '1812104', 568, 2),
	(16395, 14, '1812115', 573, 2),
	(16396, 14, '1812103', 582, 2),
	(16397, 14, '1812326', 568, 2),
	(16398, 14, '1812129', 582, 2),
	(16399, 14, '1812129', 599, 1),
	(16400, 14, '1812112', 562, 1),
	(16401, 14, '1812117', 582, 2),
	(16402, 14, '1812128', 563, 1),
	(16403, 14, '1812108', 588, 2),
	(16404, 14, '1812113', 578, 2),
	(16405, 14, '1812102', 598, 2),
	(16406, 14, '1812130', 590, 2),
	(16407, 14, '1812129', 594, 2),
	(16408, 14, '1812104', 569, 1),
	(16409, 14, '1812134', 587, 1),
	(16410, 14, '1812108', 591, 2),
	(16411, 14, '1812121', 586, 2),
	(16412, 14, '1812130', 570, 1),
	(16413, 14, '1812125', 568, 2),
	(16414, 14, '1812123', 568, 2),
	(16415, 14, '1812135', 565, 1),
	(16416, 14, '1812111', 574, 1),
	(16417, 14, '1812330', 588, 2),
	(16418, 14, '1812118', 589, 2),
	(16419, 14, '1812128', 587, 1),
	(16420, 14, '1812101', 577, 1),
	(16421, 14, '1812113', 579, 2),
	(16422, 14, '1812136', 582, 2),
	(16423, 14, '1812112', 576, 1),
	(16424, 14, '1812105', 589, 2),
	(16425, 14, '1812109', 567, 3),
	(16426, 14, '1812127', 580, 2),
	(16427, 14, '1812121', 600, 1),
	(16428, 14, '1812130', 583, 1),
	(16429, 14, '1812110', 594, 1),
	(16430, 14, '1812106', 569, 4),
	(16431, 14, '1812102', 567, 3),
	(16432, 14, '1812117', 598, 2),
	(16433, 14, '1812128', 562, 1),
	(16434, 14, '1812133', 578, 2),
	(16435, 14, '1812326', 597, 2),
	(16436, 14, '1812104', 592, 2),
	(16437, 14, '1812134', 575, 2),
	(16438, 14, '1812103', 592, 2),
	(16439, 14, '1812132', 569, 4),
	(16440, 14, '1812101', 594, 2),
	(16441, 14, '1812105', 583, 2),
	(16442, 14, '1812120', 568, 2),
	(16443, 14, '1812111', 598, 2),
	(16444, 14, '1812137', 589, 2),
	(16445, 14, '1812121', 566, 2),
	(16446, 14, '1812124', 569, 4),
	(16447, 14, '1812102', 570, 1),
	(16448, 14, '1812135', 594, 2),
	(16449, 14, '1812131', 576, 2),
	(16450, 14, '1812105', 586, 2),
	(16451, 14, '1812117', 570, 1),
	(16452, 14, '1812104', 566, 2),
	(16453, 14, '1812120', 570, 1),
	(16454, 14, '1812106', 570, 1),
	(16455, 14, '1812326', 595, 1),
	(16456, 14, '1812130', 574, 1),
	(16457, 14, '1812118', 569, 4),
	(16458, 14, '1812123', 562, 1),
	(16459, 14, '1812128', 579, 2),
	(16460, 14, '1812122', 571, 1),
	(16461, 14, '1812105', 573, 2),
	(16462, 14, '1812109', 571, 1),
	(16463, 14, '1812118', 573, 2),
	(16464, 14, '1812111', 584, 2),
	(16465, 14, '1812121', 564, 2),
	(16466, 14, '1812110', 596, 1),
	(16467, 14, '1812128', 578, 2),
	(16468, 14, '1812138', 590, 2),
	(16469, 14, '1812123', 586, 2),
	(16470, 14, '1812102', 562, 1),
	(16471, 14, '1812127', 600, 1),
	(16472, 14, '1812111', 591, 1),
	(16473, 14, '1812330', 575, 2),
	(16474, 14, '1812103', 585, 2),
	(16475, 14, '1812135', 596, 1),
	(16476, 14, '1812136', 578, 2),
	(16477, 14, '1812134', 599, 1),
	(16478, 14, '1812137', 581, 2),
	(16479, 14, '1812125', 580, 2),
	(16480, 14, '1812113', 592, 1),
	(16481, 14, '1812130', 580, 1),
	(16482, 14, '1812112', 594, 2),
	(16483, 14, '1812117', 580, 1),
	(16484, 14, '1812116', 593, 2),
	(16485, 14, '1812131', 586, 1),
	(16486, 14, '1812120', 581, 2),
	(16487, 14, '1812102', 561, 1),
	(16488, 14, '1812101', 578, 2),
	(16489, 14, '1812110', 592, 2),
	(16490, 14, '1812133', 590, 1),
	(16491, 14, '1812130', 563, 1),
	(16492, 14, '1812106', 576, 1),
	(16493, 14, '1812109', 580, 2),
	(16494, 14, '1812121', 576, 2),
	(16495, 14, '1812113', 564, 2),
	(16496, 14, '1812128', 591, 1),
	(16497, 14, '1812122', 576, 1),
	(16498, 14, '1812108', 576, 1),
	(16499, 14, '1812116', 584, 2),
	(16500, 14, '1812105', 579, 1),
	(16501, 14, '1812330', 600, 1),
	(16502, 14, '1812111', 571, 1),
	(16503, 14, '1812102', 563, 1),
	(16504, 14, '1812130', 565, 2),
	(16505, 14, '1812134', 564, 2),
	(16506, 14, '1812115', 589, 1),
	(16507, 14, '1812132', 590, 2),
	(16508, 14, '1812123', 585, 2),
	(16509, 14, '1812136', 586, 2),
	(16510, 14, '1812102', 573, 2),
	(16511, 14, '1812120', 593, 1),
	(16512, 14, '1812330', 561, 1),
	(16513, 14, '1812129', 575, 2),
	(16514, 14, '1812133', 585, 1),
	(16515, 14, '1812135', 574, 2),
	(16516, 14, '1812138', 576, 1),
	(16517, 14, '1812113', 588, 2),
	(16518, 14, '1812108', 572, 1),
	(16519, 14, '1812103', 574, 1),
	(16520, 14, '1812101', 582, 2),
	(16521, 14, '1812127', 589, 1),
	(16522, 14, '1812112', 600, 1),
	(16523, 14, '1812130', 584, 2),
	(16524, 14, '1812106', 571, 1),
	(16525, 14, '1812108', 573, 2),
	(16526, 14, '1812128', 574, 1),
	(16527, 14, '1812134', 562, 1),
	(16528, 14, '1812116', 574, 1),
	(16529, 14, '1812129', 570, 2),
	(16530, 14, '1812136', 574, 1),
	(16531, 14, '1812138', 572, 1),
	(16532, 14, '1812115', 583, 2),
	(16533, 14, '1812133', 588, 2),
	(16534, 14, '1812101', 575, 2),
	(16535, 14, '1812111', 579, 2),
	(16536, 14, '1812129', 593, 2),
	(16537, 14, '1812330', 567, 3),
	(16538, 14, '1812105', 598, 2),
	(16539, 14, '1812120', 577, 2),
	(16540, 14, '1812108', 561, 1),
	(16541, 14, '1812101', 586, 2),
	(16542, 14, '1812326', 585, 2),
	(16543, 14, '1812117', 581, 1),
	(16544, 14, '1812130', 571, 1),
	(16545, 14, '1812110', 582, 2),
	(16546, 14, '1812128', 592, 2),
	(16547, 14, '1812103', 587, 1),
	(16548, 14, '1812113', 590, 2),
	(16549, 14, '1812127', 594, 2),
	(16550, 14, '1812106', 586, 2),
	(16551, 14, '1812138', 587, 1),
	(16552, 14, '1812121', 568, 2),
	(16553, 14, '1812137', 578, 2),
	(16554, 14, '1812101', 596, 1),
	(16555, 14, '1812105', 578, 2),
	(16556, 14, '1812124', 589, 1),
	(16557, 14, '1812326', 583, 2),
	(16558, 14, '1812120', 591, 2),
	(16559, 14, '1812123', 572, 1),
	(16560, 14, '1812130', 598, 2),
	(16561, 14, '1812134', 584, 2),
	(16562, 14, '1812113', 563, 1),
	(16563, 14, '1812108', 566, 2),
	(16564, 14, '1812102', 588, 2),
	(16565, 14, '1812115', 585, 2),
	(16566, 14, '1812117', 596, 1),
	(16567, 14, '1812122', 599, 1),
	(16568, 14, '1812106', 598, 2),
	(16569, 14, '1812133', 579, 2),
	(16570, 14, '1812110', 579, 1),
	(16571, 14, '1812112', 580, 2),
	(16572, 14, '1812127', 571, 1),
	(16573, 14, '1812115', 595, 1),
	(16574, 14, '1812130', 579, 2),
	(16575, 14, '1812129', 592, 2),
	(16576, 14, '1812111', 587, 1),
	(16577, 14, '1812135', 568, 1),
	(16578, 14, '1812102', 574, 1),
	(16579, 14, '1812330', 576, 1),
	(16580, 14, '1812116', 566, 2),
	(16581, 14, '1812101', 589, 1),
	(16582, 14, '1812137', 584, 2),
	(16583, 14, '1812129', 584, 2),
	(16584, 14, '1812109', 566, 2),
	(16585, 14, '1812124', 562, 2),
	(16586, 14, '1812121', 588, 2),
	(16587, 14, '1812133', 582, 1),
	(16588, 14, '1812128', 571, 1),
	(16589, 14, '1812124', 573, 2),
	(16590, 14, '1812105', 597, 2),
	(16591, 14, '1812134', 593, 1),
	(16592, 14, '1812111', 576, 1),
	(16593, 14, '1812106', 575, 2),
	(16594, 14, '1812102', 575, 2),
	(16595, 14, '1812103', 580, 2),
	(16596, 14, '1812111', 561, 1),
	(16597, 14, '1812130', 569, 2),
	(16598, 14, '1812129', 597, 2),
	(16599, 14, '1812101', 581, 1),
	(16600, 14, '1812122', 587, 1),
	(16601, 14, '1812130', 562, 2),
	(16602, 14, '1812116', 564, 2),
	(16603, 14, '1812103', 588, 2),
	(16604, 14, '1812131', 568, 2),
	(16605, 14, '1812115', 566, 1),
	(16606, 14, '1812111', 596, 2),
	(16607, 14, '1812109', 569, 4),
	(16608, 14, '1812127', 566, 2),
	(16609, 14, '1812103', 573, 2),
	(16610, 14, '1812133', 562, 1),
	(16611, 14, '1812117', 572, 1),
	(16612, 14, '1812138', 564, 2),
	(16613, 14, '1812130', 567, 3),
	(16614, 14, '1812122', 598, 2),
	(16615, 14, '1812121', 571, 1),
	(16616, 14, '1812116', 579, 1),
	(16617, 14, '1812110', 585, 2),
	(16618, 14, '1812121', 573, 2),
	(16619, 14, '1812138', 586, 2),
	(16620, 14, '1812115', 593, 1),
	(16621, 14, '1812129', 576, 1),
	(16622, 14, '1812106', 594, 2),
	(16623, 14, '1812117', 566, 2),
	(16624, 14, '1812112', 571, 1),
	(16625, 14, '1812121', 561, 1),
	(16626, 14, '1812133', 589, 2),
	(16627, 14, '1812127', 592, 2),
	(16628, 14, '1812330', 587, 2),
	(16629, 14, '1812115', 563, 1),
	(16630, 14, '1812124', 568, 3),
	(16631, 14, '1812130', 578, 2),
	(16632, 14, '1812106', 577, 2),
	(16633, 14, '1812109', 564, 2),
	(16634, 14, '1812137', 564, 2),
	(16635, 14, '1812135', 587, 1),
	(16636, 14, '1812326', 576, 2),
	(16637, 14, '1812133', 584, 2),
	(16638, 14, '1812116', 588, 2),
	(16639, 14, '1812110', 569, 4),
	(16640, 14, '1812134', 590, 2),
	(16641, 14, '1812123', 581, 1),
	(16642, 14, '1812130', 576, 1),
	(16643, 14, '1812137', 563, 1),
	(16644, 14, '1812121', 591, 2),
	(16645, 14, '1812132', 588, 1),
	(16646, 14, '1812109', 596, 1),
	(16647, 14, '1812133', 583, 1),
	(16648, 14, '1812110', 562, 1),
	(16649, 14, '1812138', 578, 2),
	(16650, 14, '1812120', 600, 2),
	(16651, 14, '1812326', 584, 2),
	(16652, 14, '1812135', 598, 2),
	(16653, 14, '1812130', 595, 1),
	(16654, 14, '1812116', 585, 2),
	(16655, 14, '1812134', 574, 1),
	(16656, 14, '1812132', 572, 1),
	(16657, 14, '1812117', 567, 3),
	(16658, 14, '1812121', 563, 1),
	(16659, 14, '1812108', 597, 2),
	(16660, 14, '1812330', 574, 1),
	(16661, 14, '1812122', 584, 2),
	(16662, 14, '1812129', 578, 2),
	(16663, 14, '1812138', 561, 1),
	(16664, 14, '1812137', 562, 1),
	(16665, 14, '1812130', 572, 1),
	(16666, 14, '1812124', 587, 1),
	(16667, 14, '1812133', 568, 2),
	(16668, 14, '1812127', 568, 2),
	(16669, 14, '1812129', 595, 1),
	(16670, 14, '1812112', 590, 2),
	(16671, 14, '1812115', 567, 3),
	(16672, 14, '1812330', 562, 1),
	(16673, 14, '1812121', 583, 2),
	(16674, 14, '1812109', 592, 2),
	(16675, 14, '1812122', 594, 2),
	(16676, 14, '1812103', 589, 1),
	(16677, 14, '1812136', 568, 2),
	(16678, 14, '1812127', 564, 2),
	(16679, 14, '1812116', 582, 2),
	(16680, 14, '1812134', 588, 2),
	(16681, 14, '1812120', 594, 2),
	(16682, 14, '1812122', 588, 2),
	(16683, 14, '1812330', 584, 1),
	(16684, 14, '1812123', 575, 2),
	(16685, 14, '1812326', 594, 2),
	(16686, 14, '1812138', 597, 1),
	(16687, 14, '1812130', 589, 1),
	(16688, 14, '1812131', 569, 4),
	(16689, 14, '1812129', 563, 1),
	(16690, 14, '1812130', 600, 2),
	(16691, 14, '1812106', 597, 2),
	(16692, 14, '1812129', 583, 2),
	(16693, 14, '1812135', 590, 1),
	(16694, 14, '1812131', 598, 2),
	(16695, 14, '1812129', 596, 1),
	(16696, 14, '1812136', 591, 2),
	(16697, 14, '1812130', 564, 2),
	(16698, 14, '1812108', 565, 2),
	(16699, 14, '1812117', 569, 2),
	(16700, 14, '1812109', 568, 3),
	(16701, 14, '1812326', 592, 2),
	(16702, 14, '1812129', 600, 1),
	(16703, 14, '1812117', 563, 1),
	(16704, 14, '1812103', 562, 1),
	(16705, 14, '1812137', 585, 2),
	(16706, 14, '1812127', 582, 1),
	(16707, 14, '1812124', 582, 2),
	(16708, 14, '1812106', 590, 2),
	(16709, 14, '1812115', 592, 2),
	(16710, 14, '1812105', 590, 2),
	(16711, 14, '1812330', 599, 1),
	(16712, 14, '1812138', 592, 2),
	(16713, 14, '1812133', 591, 2),
	(16714, 14, '1812127', 577, 2),
	(16715, 14, '1812117', 595, 1),
	(16716, 14, '1812112', 578, 2),
	(16717, 14, '1812109', 575, 2),
	(16718, 14, '1812129', 580, 2),
	(16719, 14, '1812120', 579, 2),
	(16720, 14, '1812135', 581, 1),
	(16721, 14, '1812108', 594, 2),
	(16722, 14, '1812103', 575, 2),
	(16723, 14, '1812330', 586, 2),
	(16724, 14, '1812122', 591, 2),
	(16725, 14, '1812105', 585, 2),
	(16726, 14, '1812133', 587, 1),
	(16727, 14, '1812106', 579, 2),
	(16728, 14, '1812120', 573, 2),
	(16729, 14, '1812123', 567, 3),
	(16730, 14, '1812112', 592, 2),
	(16731, 14, '1812108', 595, 1),
	(16732, 14, '1812131', 574, 1),
	(16733, 14, '1812115', 577, 1),
	(16734, 14, '1812129', 587, 1),
	(16735, 14, '1812133', 570, 1),
	(16736, 14, '1812110', 584, 2),
	(16737, 14, '1812105', 570, 1),
	(16738, 14, '1812135', 566, 2),
	(16739, 14, '1812138', 575, 2),
	(16740, 14, '1812120', 563, 1),
	(16741, 14, '1812326', 593, 1),
	(16742, 14, '1812122', 592, 2),
	(16743, 14, '1812108', 577, 2),
	(16744, 14, '1812103', 561, 2),
	(16745, 14, '1812116', 589, 1),
	(16746, 14, '1812117', 584, 2),
	(16747, 14, '1812135', 582, 1),
	(16748, 14, '1812134', 569, 4),
	(16749, 14, '1812109', 590, 1),
	(16750, 14, '1812123', 579, 1),
	(16751, 14, '1812127', 590, 2),
	(16752, 14, '1812112', 574, 1),
	(16753, 14, '1812136', 594, 1),
	(16754, 14, '1812137', 587, 1),
	(16755, 14, '1812132', 565, 2),
	(16756, 14, '1812131', 594, 2),
	(16757, 14, '1812105', 593, 1),
	(16758, 14, '1812138', 565, 1),
	(16759, 14, '1812124', 599, 1),
	(16760, 14, '1812109', 583, 2),
	(16761, 14, '1812326', 570, 1),
	(16762, 14, '1812122', 564, 2),
	(16763, 14, '1812108', 593, 1),
	(16764, 14, '1812106', 581, 1),
	(16765, 14, '1812110', 587, 1),
	(16766, 14, '1812105', 572, 1),
	(16767, 14, '1812137', 576, 1),
	(16768, 14, '1812120', 583, 2),
	(16769, 14, '1812117', 574, 1),
	(16770, 14, '1812134', 581, 1),
	(16771, 14, '1812136', 562, 1),
	(16772, 14, '1812326', 572, 1),
	(16773, 14, '1812127', 599, 1),
	(16774, 14, '1812106', 593, 1),
	(16775, 14, '1812112', 575, 2),
	(16776, 14, '1812137', 565, 2),
	(16777, 14, '1812120', 564, 2),
	(16778, 14, '1812127', 596, 1),
	(16779, 14, '1812135', 572, 1),
	(16780, 14, '1812131', 591, 2),
	(16781, 14, '1812110', 593, 1),
	(16782, 14, '1812103', 596, 1),
	(16783, 14, '1812138', 567, 3),
	(16784, 14, '1812134', 583, 2),
	(16785, 14, '1812105', 592, 2),
	(16786, 14, '1812108', 567, 3),
	(16787, 14, '1812135', 588, 2),
	(16788, 14, '1812136', 564, 2),
	(16789, 14, '1812117', 576, 1),
	(16790, 14, '1812112', 582, 1),
	(16791, 14, '1812110', 586, 2),
	(16792, 14, '1812127', 595, 1),
	(16793, 14, '1812124', 579, 2),
	(16794, 14, '1812116', 575, 2),
	(16795, 14, '1812131', 570, 1),
	(16796, 14, '1812115', 597, 1),
	(16797, 14, '1812120', 565, 1),
	(16798, 14, '1812116', 583, 1),
	(16799, 14, '1812127', 593, 1),
	(16800, 14, '1812137', 586, 2),
	(16801, 14, '1812135', 577, 1),
	(16802, 14, '1812131', 583, 2),
	(16803, 14, '1812105', 581, 1),
	(16804, 14, '1812115', 588, 2),
	(16805, 14, '1812116', 570, 1),
	(16806, 14, '1812124', 594, 2),
	(16807, 14, '1812136', 579, 2),
	(16808, 14, '1812123', 564, 2),
	(16809, 14, '1812127', 561, 1),
	(16810, 14, '1812136', 596, 2),
	(16811, 14, '1812103', 597, 2),
	(16812, 14, '1812129', 590, 2),
	(16813, 14, '1812117', 594, 2),
	(16814, 14, '1812116', 591, 2),
	(16815, 14, '1812326', 581, 1),
	(16816, 14, '1812135', 580, 1),
	(16817, 14, '1812129', 573, 2),
	(16818, 14, '1812108', 569, 4),
	(16819, 14, '1812120', 584, 1),
	(16820, 14, '1812137', 593, 1),
	(16821, 14, '1812129', 564, 2),
	(16822, 14, '1812110', 568, 2),
	(16823, 14, '1812129', 571, 1),
	(16824, 14, '1812124', 591, 2),
	(16825, 14, '1812134', 589, 1),
	(16826, 14, '1812116', 572, 2),
	(16827, 14, '1812132', 585, 1),
	(16828, 14, '1812103', 570, 1),
	(16829, 14, '1812326', 563, 1),
	(16830, 14, '1812137', 591, 2),
	(16831, 14, '1812110', 565, 2),
	(16832, 14, '1812136', 561, 1),
	(16833, 14, '1812129', 561, 1),
	(16834, 14, '1812122', 568, 2),
	(16835, 14, '1812105', 600, 1),
	(16836, 14, '1812137', 573, 2),
	(16837, 14, '1812123', 571, 1),
	(16838, 14, '1812326', 577, 2),
	(16839, 14, '1812134', 591, 2),
	(16840, 14, '1812117', 575, 2),
	(16841, 14, '1812127', 578, 2),
	(16842, 14, '1812124', 565, 1),
	(16843, 14, '1812106', 574, 1),
	(16844, 14, '1812131', 580, 1),
	(16845, 14, '1812123', 590, 1),
	(16846, 14, '1812326', 596, 2),
	(16847, 14, '1812115', 568, 2),
	(16848, 14, '1812123', 573, 2),
	(16849, 14, '1812108', 590, 2),
	(16850, 14, '1812103', 567, 3),
	(16851, 14, '1812106', 561, 2),
	(16852, 14, '1812123', 574, 1),
	(16853, 14, '1812134', 566, 2),
	(16854, 14, '1812110', 580, 1),
	(16855, 14, '1812131', 572, 1),
	(16856, 14, '1812116', 600, 1),
	(16857, 14, '1812123', 596, 1),
	(16858, 14, '1812120', 561, 2),
	(16859, 14, '1812103', 584, 2),
	(16860, 14, '1812106', 584, 2),
	(16861, 14, '1812108', 592, 2),
	(16862, 14, '1812137', 594, 2),
	(16863, 14, '1812131', 600, 2),
	(16864, 14, '1812132', 575, 2),
	(16865, 14, '1812103', 586, 2),
	(16866, 14, '1812326', 586, 2),
	(16867, 14, '1812103', 590, 2),
	(16868, 14, '1812134', 600, 1),
	(16869, 14, '1812108', 579, 1),
	(16870, 14, '1812117', 589, 1),
	(16871, 14, '1812116', 569, 4),
	(16872, 14, '1812136', 587, 1),
	(16873, 14, '1812326', 569, 4),
	(16874, 14, '1812103', 583, 1),
	(16875, 14, '1812123', 561, 1),
	(16876, 14, '1812112', 569, 4),
	(16877, 14, '1812132', 595, 1),
	(16878, 14, '1812110', 567, 3),
	(16879, 14, '1812120', 578, 2),
	(16880, 14, '1812117', 561, 1),
	(16881, 14, '1812134', 595, 1),
	(16882, 14, '1812124', 581, 1),
	(16883, 14, '1812110', 583, 2),
	(16884, 14, '1812326', 575, 2),
	(16885, 14, '1812131', 592, 2),
	(16886, 14, '1812108', 587, 1),
	(16887, 14, '1812134', 570, 1),
	(16888, 14, '1812124', 597, 2),
	(16889, 14, '1812103', 581, 1),
	(16890, 14, '1812110', 588, 2),
	(16891, 14, '1812123', 577, 1),
	(16892, 14, '1812106', 568, 3),
	(16893, 14, '1812326', 579, 2),
	(16894, 14, '1812132', 591, 1),
	(16895, 14, '1812131', 579, 2),
	(16896, 14, '1812137', 571, 1),
	(16897, 14, '1812112', 586, 2),
	(16898, 14, '1812120', 599, 1),
	(16899, 14, '1812110', 564, 2),
	(16900, 14, '1812116', 568, 3),
	(16901, 14, '1812134', 578, 2),
	(16902, 14, '1812136', 581, 1),
	(16903, 14, '1812103', 599, 1),
	(16904, 14, '1812106', 591, 2),
	(16905, 14, '1812326', 564, 2),
	(16906, 14, '1812136', 595, 1),
	(16907, 14, '1812137', 577, 2),
	(16908, 14, '1812122', 589, 1),
	(16909, 14, '1812124', 578, 1),
	(16910, 14, '1812123', 569, 4),
	(16911, 14, '1812326', 587, 1),
	(16912, 14, '1812103', 563, 1),
	(16913, 14, '1812136', 576, 1),
	(16914, 14, '1812124', 598, 2),
	(16915, 14, '1812137', 569, 4),
	(16916, 14, '1812122', 581, 2),
	(16917, 14, '1812112', 567, 3),
	(16918, 14, '1812134', 596, 2),
	(16919, 14, '1812117', 562, 2),
	(16920, 14, '1812120', 590, 2),
	(16921, 14, '1812132', 579, 2),
	(16922, 14, '1812123', 580, 1),
	(16923, 14, '1812136', 565, 2),
	(16924, 14, '1812112', 572, 1),
	(16925, 14, '1812131', 589, 1),
	(16926, 14, '1812326', 580, 2),
	(16927, 14, '1812136', 569, 4),
	(16928, 14, '1812120', 585, 2),
	(16929, 14, '1812124', 580, 2),
	(16930, 14, '1812137', 597, 2),
	(16931, 14, '1812112', 588, 2),
	(16932, 14, '1812132', 580, 2),
	(16933, 14, '1812117', 578, 2),
	(16934, 14, '1812134', 594, 2),
	(16935, 14, '1812112', 566, 2),
	(16936, 14, '1812120', 592, 2),
	(16937, 14, '1812123', 584, 1),
	(16938, 14, '1812137', 572, 1),
	(16939, 14, '1812124', 592, 2),
	(16940, 14, '1812123', 595, 1),
	(16941, 14, '1812103', 594, 2),
	(16942, 14, '1812122', 600, 1),
	(16943, 14, '1812120', 596, 1),
	(16944, 14, '1812112', 577, 1),
	(16945, 14, '1812124', 596, 1),
	(16946, 14, '1812117', 588, 1),
	(16947, 14, '1812136', 597, 2),
	(16948, 14, '1812134', 576, 2),
	(16949, 14, '1812137', 592, 2),
	(16950, 14, '1812123', 598, 2),
	(16951, 14, '1812131', 575, 2),
	(16952, 14, '1812124', 583, 2),
	(16953, 14, '1812120', 562, 1),
	(16954, 14, '1812124', 561, 1),
	(16955, 14, '1812134', 572, 1),
	(16956, 14, '1812132', 576, 2),
	(16957, 14, '1812326', 589, 1),
	(16958, 14, '1812131', 563, 2),
	(16959, 14, '1812136', 575, 2),
	(16960, 14, '1812120', 588, 2),
	(16961, 14, '1812136', 585, 2),
	(16962, 14, '1812131', 595, 2),
	(16963, 14, '1812122', 578, 2),
	(16964, 14, '1812124', 590, 2),
	(16965, 14, '1812122', 577, 2),
	(16966, 14, '1812131', 562, 2),
	(16967, 14, '1812132', 584, 1),
	(16968, 14, '1812131', 584, 2),
	(16969, 14, '1812122', 569, 4),
	(16970, 14, '1812131', 577, 2),
	(16971, 14, '1812112', 597, 1),
	(16972, 14, '1812132', 593, 1),
	(16973, 14, '1812112', 573, 2),
	(16974, 14, '1812124', 566, 2),
	(16975, 14, '1812134', 579, 1),
	(16976, 14, '1812122', 572, 1),
	(16977, 14, '1812112', 564, 2),
	(16978, 14, '1812134', 573, 2),
	(16979, 14, '1812131', 587, 2),
	(16980, 14, '1812132', 598, 2),
	(16981, 14, '1812124', 572, 1),
	(16982, 14, '1812112', 565, 2),
	(16983, 14, '1812124', 567, 3),
	(16984, 14, '1812132', 594, 2),
	(16985, 14, '1812131', 567, 3),
	(16986, 14, '1812124', 571, 1),
	(16987, 14, '1812132', 592, 1),
	(16988, 14, '1812132', 568, 2),
	(16989, 14, '1812132', 586, 2),
	(16990, 14, '1812132', 563, 1),
	(16991, 14, '1812149', 588, 2),
	(16992, 14, '1812172', 592, 2),
	(16993, 14, '1812142', 573, 2),
	(16994, 14, '1812141', 565, 2),
	(16995, 14, '1812139', 594, 2),
	(16996, 14, '1812154', 562, 1),
	(16997, 14, '1812151', 595, 1),
	(16998, 14, '1812155', 566, 2),
	(16999, 14, '1812150', 581, 2),
	(17000, 14, '1812163', 598, 2),
	(17001, 14, '1812140', 575, 2),
	(17002, 14, '1812145', 598, 2),
	(17003, 14, '1812159', 570, 2),
	(17004, 14, '1812151', 578, 2),
	(17005, 14, '1812173', 580, 0),
	(17006, 14, '1812172', 588, 2),
	(17007, 14, '1812167', 586, 2),
	(17008, 14, '1812158', 575, 2),
	(17009, 14, '1812171', 586, 2),
	(17010, 14, '1812163', 573, 2),
	(17011, 14, '1812328', 565, 2),
	(17012, 14, '1812149', 568, 3),
	(17013, 14, '1812139', 564, 2),
	(17014, 14, '1812154', 583, 1),
	(17015, 14, '1812142', 566, 2),
	(17016, 14, '1812140', 586, 2),
	(17017, 14, '1812173', 594, 1),
	(17018, 14, '1812327', 569, 4),
	(17019, 14, '1812172', 598, 2),
	(17020, 14, '1812174', 571, 1),
	(17021, 14, '1812155', 562, 1),
	(17022, 14, '1812171', 593, 1),
	(17023, 14, '1812154', 563, 1),
	(17024, 14, '1812161', 570, 2),
	(17025, 14, '1812166', 592, 2),
	(17026, 14, '1812159', 592, 2),
	(17027, 14, '1812143', 574, 1),
	(17028, 14, '1812150', 563, 1),
	(17029, 14, '1812142', 561, 1),
	(17030, 14, '1812152', 563, 1),
	(17031, 14, '1812140', 564, 2),
	(17032, 14, '1812169', 578, 2),
	(17033, 14, '1812175', 575, 2),
	(17034, 14, '1812327', 598, 2),
	(17035, 14, '1812156', 585, 2),
	(17036, 14, '1812163', 572, 1),
	(17037, 14, '1812155', 561, 1),
	(17038, 14, '1812145', 575, 2),
	(17039, 14, '1812147', 587, 2),
	(17040, 14, '1812139', 585, 2),
	(17041, 14, '1812151', 599, 1),
	(17042, 14, '1812140', 566, 2),
	(17043, 14, '1812157', 589, 1),
	(17044, 14, '1812167', 587, 1),
	(17045, 14, '1812159', 599, 1),
	(17046, 14, '1812149', 571, 1),
	(17047, 14, '1812158', 581, 1),
	(17048, 14, '1812176', 590, 1),
	(17049, 14, '1812163', 562, 1),
	(17050, 14, '1812142', 576, 1),
	(17051, 14, '1812139', 595, 1),
	(17052, 14, '1812149', 564, 2),
	(17053, 14, '1812150', 578, 2),
	(17054, 14, '1812155', 587, 1),
	(17055, 14, '1812167', 577, 2),
	(17056, 14, '1812327', 579, 1),
	(17057, 14, '1812169', 562, 1),
	(17058, 14, '1812141', 561, 1),
	(17059, 14, '1812328', 598, 2),
	(17060, 14, '1812153', 589, 1),
	(17061, 14, '1812164', 567, 3),
	(17062, 14, '1812156', 583, 1),
	(17063, 14, '1812139', 577, 2),
	(17064, 14, '1812145', 562, 1),
	(17065, 14, '1812175', 587, 1),
	(17066, 14, '1812151', 598, 2),
	(17067, 14, '1812146', 581, 2),
	(17068, 14, '1812172', 568, 3),
	(17069, 14, '1812166', 598, 2),
	(17070, 14, '1812174', 580, 1),
	(17071, 14, '1812165', 588, 1),
	(17072, 14, '1812158', 562, 1),
	(17073, 14, '1812157', 571, 1),
	(17074, 14, '1812142', 598, 2),
	(17075, 14, '1812149', 569, 4),
	(17076, 14, '1812159', 584, 1),
	(17077, 14, '1812169', 596, 1),
	(17078, 14, '1812140', 579, 1),
	(17079, 14, '1812327', 565, 2),
	(17080, 14, '1812173', 572, 1),
	(17081, 14, '1812163', 567, 3),
	(17082, 14, '1812162', 569, 3),
	(17083, 14, '1812147', 582, 2),
	(17084, 14, '1812161', 582, 2),
	(17085, 14, '1812176', 566, 2),
	(17086, 14, '1812139', 563, 1),
	(17087, 14, '1812146', 570, 1),
	(17088, 14, '1812156', 570, 2),
	(17089, 14, '1812175', 595, 1),
	(17090, 14, '1812153', 586, 2),
	(17091, 14, '1812145', 583, 2),
	(17092, 14, '1812167', 588, 2),
	(17093, 14, '1812149', 592, 2),
	(17094, 14, '1812171', 567, 3),
	(17095, 14, '1812142', 570, 1),
	(17096, 14, '1812174', 593, 1),
	(17097, 14, '1812141', 569, 4),
	(17098, 14, '1812159', 588, 2),
	(17099, 14, '1812176', 577, 2),
	(17100, 14, '1812156', 572, 1),
	(17101, 14, '1812155', 575, 2),
	(17102, 14, '1812173', 587, 1),
	(17103, 14, '1812140', 591, 1),
	(17104, 14, '1812150', 569, 4),
	(17105, 14, '1812163', 596, 2),
	(17106, 14, '1812143', 576, 2),
	(17107, 14, '1812146', 573, 2),
	(17108, 14, '1812158', 596, 1),
	(17109, 14, '1812169', 564, 2),
	(17110, 14, '1812153', 600, 1),
	(17111, 14, '1812156', 561, 1),
	(17112, 14, '1812154', 581, 1),
	(17113, 14, '1812149', 600, 1),
	(17114, 14, '1812145', 586, 2),
	(17115, 14, '1812140', 600, 1),
	(17116, 14, '1812328', 593, 2),
	(17117, 14, '1812167', 595, 1),
	(17118, 14, '1812158', 561, 1),
	(17119, 14, '1812142', 569, 4),
	(17120, 14, '1812327', 571, 1),
	(17121, 14, '1812139', 589, 1),
	(17122, 14, '1812162', 598, 2),
	(17123, 14, '1812175', 569, 4),
	(17124, 14, '1812163', 564, 2),
	(17125, 14, '1812150', 583, 2),
	(17126, 14, '1812156', 563, 1),
	(17127, 14, '1812149', 597, 2),
	(17128, 14, '1812159', 580, 2),
	(17129, 14, '1812165', 587, 2),
	(17130, 14, '1812155', 600, 1),
	(17131, 14, '1812167', 596, 1),
	(17132, 14, '1812145', 595, 1),
	(17133, 14, '1812143', 593, 1),
	(17134, 14, '1812158', 576, 2),
	(17135, 14, '1812159', 573, 2),
	(17136, 14, '1812171', 579, 2),
	(17137, 14, '1812141', 562, 1),
	(17138, 14, '1812153', 563, 1),
	(17139, 14, '1812161', 589, 2),
	(17140, 14, '1812151', 576, 1),
	(17141, 14, '1812163', 600, 1),
	(17142, 14, '1812176', 598, 2),
	(17143, 14, '1812162', 563, 1),
	(17144, 14, '1812140', 578, 2),
	(17145, 14, '1812146', 584, 1),
	(17146, 14, '1812154', 599, 2),
	(17147, 14, '1812139', 569, 4),
	(17148, 14, '1812158', 566, 2),
	(17149, 14, '1812166', 600, 1),
	(17150, 14, '1812149', 576, 1),
	(17151, 14, '1812327', 597, 1),
	(17152, 14, '1812164', 576, 1),
	(17153, 14, '1812159', 579, 2),
	(17154, 14, '1812143', 586, 2),
	(17155, 14, '1812145', 588, 2),
	(17156, 14, '1812147', 566, 2),
	(17157, 14, '1812175', 576, 2),
	(17158, 14, '1812173', 582, 1),
	(17159, 14, '1812174', 570, 2),
	(17160, 14, '1812156', 584, 1),
	(17161, 14, '1812161', 561, 1),
	(17162, 14, '1812157', 572, 1),
	(17163, 14, '1812154', 585, 2),
	(17164, 14, '1812155', 573, 2),
	(17165, 14, '1812150', 584, 2),
	(17166, 14, '1812327', 562, 1),
	(17167, 14, '1812142', 564, 2),
	(17168, 14, '1812158', 574, 1),
	(17169, 14, '1812165', 561, 2),
	(17170, 14, '1812162', 562, 1),
	(17171, 14, '1812172', 574, 2),
	(17172, 14, '1812159', 572, 1),
	(17173, 14, '1812145', 587, 1),
	(17174, 14, '1812151', 592, 2),
	(17175, 14, '1812152', 589, 1),
	(17176, 14, '1812140', 599, 1),
	(17177, 14, '1812163', 586, 2),
	(17178, 14, '1812158', 595, 1),
	(17179, 14, '1812149', 599, 1),
	(17180, 14, '1812139', 578, 2),
	(17181, 14, '1812143', 567, 3),
	(17182, 14, '1812169', 585, 2),
	(17183, 14, '1812146', 582, 1),
	(17184, 14, '1812151', 600, 1),
	(17185, 14, '1812153', 579, 2),
	(17186, 14, '1812174', 577, 2),
	(17187, 14, '1812175', 566, 2),
	(17188, 14, '1812172', 564, 2),
	(17189, 14, '1812150', 576, 1),
	(17190, 14, '1812142', 579, 2),
	(17191, 14, '1812167', 580, 2),
	(17192, 14, '1812165', 566, 2),
	(17193, 14, '1812172', 599, 1),
	(17194, 14, '1812156', 594, 2),
	(17195, 14, '1812159', 583, 2),
	(17196, 14, '1812149', 582, 1),
	(17197, 14, '1812166', 596, 1),
	(17198, 14, '1812140', 565, 2),
	(17199, 14, '1812172', 584, 1),
	(17200, 14, '1812139', 599, 1),
	(17201, 14, '1812157', 581, 1),
	(17202, 14, '1812150', 592, 2),
	(17203, 14, '1812141', 588, 2),
	(17204, 14, '1812153', 596, 1),
	(17205, 14, '1812163', 588, 2),
	(17206, 14, '1812159', 574, 1),
	(17207, 14, '1812149', 578, 2),
	(17208, 14, '1812154', 596, 1),
	(17209, 14, '1812155', 565, 1),
	(17210, 14, '1812163', 583, 2),
	(17211, 14, '1812152', 566, 2),
	(17212, 14, '1812154', 573, 2),
	(17213, 14, '1812139', 575, 2),
	(17214, 14, '1812151', 582, 1),
	(17215, 14, '1812140', 568, 2),
	(17216, 14, '1812145', 584, 2),
	(17217, 14, '1812149', 562, 1),
	(17218, 14, '1812142', 600, 1),
	(17219, 14, '1812153', 597, 1),
	(17220, 14, '1812156', 590, 2),
	(17221, 14, '1812174', 569, 4),
	(17222, 14, '1812149', 591, 2),
	(17223, 14, '1812158', 599, 1),
	(17224, 14, '1812151', 577, 2),
	(17225, 14, '1812146', 567, 3),
	(17226, 14, '1812159', 575, 2),
	(17227, 14, '1812154', 584, 1),
	(17228, 14, '1812166', 580, 2),
	(17229, 14, '1812145', 573, 2),
	(17230, 14, '1812141', 567, 3),
	(17231, 14, '1812150', 594, 2),
	(17232, 14, '1812163', 592, 2),
	(17233, 14, '1812173', 567, 3),
	(17234, 14, '1812166', 573, 2),
	(17235, 14, '1812158', 563, 1),
	(17236, 14, '1812152', 562, 1),
	(17237, 14, '1812328', 587, 1),
	(17238, 14, '1812139', 580, 2),
	(17239, 14, '1812164', 568, 1),
	(17240, 14, '1812159', 594, 2),
	(17241, 14, '1812173', 591, 1),
	(17242, 14, '1812151', 566, 2),
	(17243, 14, '1812143', 580, 1),
	(17244, 14, '1812171', 568, 3),
	(17245, 14, '1812153', 585, 2),
	(17246, 14, '1812147', 599, 1),
	(17247, 14, '1812150', 577, 2),
	(17248, 14, '1812169', 581, 1),
	(17249, 14, '1812149', 567, 1),
	(17250, 14, '1812158', 598, 2),
	(17251, 14, '1812140', 590, 2),
	(17252, 14, '1812141', 591, 1),
	(17253, 14, '1812139', 593, 1),
	(17254, 14, '1812161', 586, 2),
	(17255, 14, '1812149', 586, 2),
	(17256, 14, '1812156', 598, 2),
	(17257, 14, '1812142', 589, 1),
	(17258, 14, '1812163', 587, 1),
	(17259, 14, '1812164', 580, 2),
	(17260, 14, '1812153', 591, 1),
	(17261, 14, '1812140', 561, 2),
	(17262, 14, '1812173', 565, 2),
	(17263, 14, '1812150', 570, 1),
	(17264, 14, '1812149', 566, 2),
	(17265, 14, '1812169', 591, 2),
	(17266, 14, '1812157', 578, 2),
	(17267, 14, '1812146', 580, 1),
	(17268, 14, '1812145', 566, 2),
	(17269, 14, '1812152', 592, 2),
	(17270, 14, '1812139', 566, 2),
	(17271, 14, '1812167', 585, 2),
	(17272, 14, '1812174', 581, 2),
	(17273, 14, '1812171', 599, 1),
	(17274, 14, '1812155', 568, 2),
	(17275, 14, '1812175', 565, 1),
	(17276, 14, '1812140', 595, 1),
	(17277, 14, '1812150', 585, 2),
	(17278, 14, '1812169', 586, 2),
	(17279, 14, '1812161', 575, 2),
	(17280, 14, '1812174', 582, 2),
	(17281, 14, '1812153', 562, 1),
	(17282, 14, '1812159', 589, 1),
	(17283, 14, '1812163', 565, 1),
	(17284, 14, '1812141', 596, 1),
	(17285, 14, '1812166', 575, 2),
	(17286, 14, '1812140', 588, 2),
	(17287, 14, '1812176', 576, 2),
	(17288, 14, '1812151', 567, 3),
	(17289, 14, '1812150', 595, 1),
	(17290, 14, '1812159', 591, 2),
	(17291, 14, '1812167', 592, 2),
	(17292, 14, '1812147', 600, 1),
	(17293, 14, '1812173', 576, 1),
	(17294, 14, '1812149', 585, 2),
	(17295, 14, '1812139', 571, 1),
	(17296, 14, '1812140', 563, 1),
	(17297, 14, '1812164', 600, 1),
	(17298, 14, '1812165', 571, 1),
	(17299, 14, '1812174', 576, 1),
	(17300, 14, '1812155', 593, 1),
	(17301, 14, '1812163', 595, 1),
	(17302, 14, '1812167', 573, 2),
	(17303, 14, '1812170', 590, 2),
	(17304, 14, '1812169', 575, 2),
	(17305, 14, '1812171', 578, 2),
	(17306, 14, '1812328', 575, 2),
	(17307, 14, '1812154', 571, 1),
	(17308, 14, '1812166', 583, 2),
	(17309, 14, '1812162', 568, 2),
	(17310, 14, '1812159', 577, 2),
	(17311, 14, '1812149', 587, 1),
	(17312, 14, '1812150', 591, 2),
	(17313, 14, '1812141', 570, 1),
	(17314, 14, '1812146', 599, 1),
	(17315, 14, '1812149', 595, 1),
	(17316, 14, '1812152', 598, 2),
	(17317, 14, '1812159', 563, 1),
	(17318, 14, '1812139', 567, 3),
	(17319, 14, '1812157', 576, 2),
	(17320, 14, '1812176', 597, 2),
	(17321, 14, '1812169', 600, 1),
	(17322, 14, '1812149', 577, 2),
	(17323, 14, '1812140', 581, 1),
	(17324, 14, '1812158', 589, 1),
	(17325, 14, '1812162', 586, 2),
	(17326, 14, '1812170', 574, 1),
	(17327, 14, '1812153', 569, 4),
	(17328, 14, '1812159', 587, 1),
	(17329, 14, '1812169', 573, 2),
	(17330, 14, '1812176', 595, 1),
	(17331, 14, '1812157', 593, 1),
	(17332, 14, '1812151', 594, 2),
	(17333, 14, '1812150', 590, 1),
	(17334, 14, '1812143', 599, 1),
	(17335, 14, '1812155', 594, 2),
	(17336, 14, '1812158', 593, 1),
	(17337, 14, '1812139', 574, 1),
	(17338, 14, '1812161', 583, 2),
	(17339, 14, '1812140', 592, 2),
	(17340, 14, '1812154', 586, 2),
	(17341, 14, '1812327', 590, 2),
	(17342, 14, '1812142', 588, 2),
	(17343, 14, '1812157', 583, 2),
	(17344, 14, '1812139', 561, 1),
	(17345, 14, '1812327', 582, 2),
	(17346, 14, '1812159', 596, 1),
	(17347, 14, '1812141', 574, 1),
	(17348, 14, '1812163', 568, 2),
	(17349, 14, '1812147', 597, 2),
	(17350, 14, '1812162', 597, 2),
	(17351, 14, '1812161', 569, 4),
	(17352, 14, '1812149', 581, 2),
	(17353, 14, '1812175', 599, 1),
	(17354, 14, '1812154', 588, 2),
	(17355, 14, '1812166', 585, 2),
	(17356, 14, '1812176', 584, 1),
	(17357, 14, '1812153', 578, 2),
	(17358, 14, '1812146', 585, 2),
	(17359, 14, '1812150', 580, 2),
	(17360, 14, '1812143', 587, 1),
	(17361, 14, '1812162', 583, 2),
	(17362, 14, '1812149', 598, 2),
	(17363, 14, '1812147', 583, 1),
	(17364, 14, '1812158', 582, 2),
	(17365, 14, '1812163', 591, 2),
	(17366, 14, '1812149', 573, 2),
	(17367, 14, '1812140', 598, 2),
	(17368, 14, '1812145', 564, 2),
	(17369, 14, '1812175', 596, 2),
	(17370, 14, '1812152', 596, 2),
	(17371, 14, '1812154', 594, 2),
	(17372, 14, '1812143', 591, 2),
	(17373, 14, '1812166', 584, 2),
	(17374, 14, '1812150', 574, 1),
	(17375, 14, '1812139', 591, 2),
	(17376, 14, '1812142', 587, 1),
	(17377, 14, '1812149', 570, 1),
	(17378, 14, '1812153', 566, 2),
	(17379, 14, '1812170', 597, 1),
	(17380, 14, '1812141', 587, 1),
	(17381, 14, '1812167', 589, 1),
	(17382, 14, '1812163', 593, 1),
	(17383, 14, '1812156', 568, 3),
	(17384, 14, '1812140', 574, 1),
	(17385, 14, '1812147', 570, 1),
	(17386, 14, '1812171', 566, 2),
	(17387, 14, '1812327', 576, 1),
	(17388, 14, '1812161', 584, 1),
	(17389, 14, '1812169', 580, 1),
	(17390, 14, '1812175', 577, 2),
	(17391, 14, '1812172', 580, 1),
	(17392, 14, '1812328', 586, 2),
	(17393, 14, '1812158', 578, 2),
	(17394, 14, '1812151', 580, 2),
	(17395, 14, '1812174', 568, 2),
	(17396, 14, '1812176', 567, 3),
	(17397, 14, '1812150', 582, 1),
	(17398, 14, '1812157', 590, 2),
	(17399, 14, '1812139', 576, 1),
	(17400, 14, '1812153', 561, 1),
	(17401, 14, '1812152', 586, 2),
	(17402, 14, '1812154', 572, 1),
	(17403, 14, '1812162', 567, 3),
	(17404, 14, '1812327', 595, 1),
	(17405, 14, '1812169', 597, 2),
	(17406, 14, '1812143', 598, 2),
	(17407, 14, '1812151', 591, 2),
	(17408, 14, '1812149', 580, 2),
	(17409, 14, '1812173', 569, 4),
	(17410, 14, '1812142', 567, 3),
	(17411, 14, '1812141', 563, 1),
	(17412, 14, '1812167', 571, 1),
	(17413, 14, '1812164', 588, 2),
	(17414, 14, '1812175', 573, 2),
	(17415, 14, '1812327', 561, 1),
	(17416, 14, '1812161', 578, 2),
	(17417, 14, '1812155', 569, 4),
	(17418, 14, '1812140', 585, 2),
	(17419, 14, '1812169', 583, 1),
	(17420, 14, '1812174', 599, 1),
	(17421, 14, '1812149', 590, 2),
	(17422, 14, '1812167', 583, 1),
	(17423, 14, '1812143', 563, 1),
	(17424, 14, '1812327', 566, 2),
	(17425, 14, '1812154', 600, 1),
	(17426, 14, '1812173', 595, 1),
	(17427, 14, '1812172', 567, 3),
	(17428, 14, '1812141', 597, 1),
	(17429, 14, '1812149', 563, 1),
	(17430, 14, '1812140', 594, 2),
	(17431, 14, '1812151', 571, 1),
	(17432, 14, '1812156', 581, 1),
	(17433, 14, '1812150', 571, 1),
	(17434, 14, '1812175', 563, 1),
	(17435, 14, '1812174', 594, 2),
	(17436, 14, '1812152', 584, 1),
	(17437, 14, '1812159', 576, 2),
	(17438, 14, '1812146', 569, 3),
	(17439, 14, '1812163', 574, 1),
	(17440, 14, '1812139', 587, 1),
	(17441, 14, '1812142', 590, 1),
	(17442, 14, '1812159', 595, 1),
	(17443, 14, '1812150', 598, 2),
	(17444, 14, '1812153', 571, 2),
	(17445, 14, '1812143', 585, 2),
	(17446, 14, '1812140', 587, 1),
	(17447, 14, '1812151', 564, 2),
	(17448, 14, '1812173', 561, 1),
	(17449, 14, '1812164', 595, 1),
	(17450, 14, '1812174', 585, 2),
	(17451, 14, '1812176', 588, 2),
	(17452, 14, '1812171', 588, 2),
	(17453, 14, '1812141', 590, 1),
	(17454, 14, '1812161', 598, 2),
	(17455, 14, '1812150', 565, 2),
	(17456, 14, '1812143', 561, 1),
	(17457, 14, '1812149', 594, 1),
	(17458, 14, '1812157', 594, 1),
	(17459, 14, '1812162', 593, 2),
	(17460, 14, '1812159', 562, 2),
	(17461, 14, '1812170', 578, 2),
	(17462, 14, '1812174', 596, 1),
	(17463, 14, '1812146', 593, 1),
	(17464, 14, '1812328', 592, 2),
	(17465, 14, '1812176', 591, 1),
	(17466, 14, '1812167', 565, 1),
	(17467, 14, '1812151', 587, 1),
	(17468, 14, '1812158', 590, 2),
	(17469, 14, '1812149', 575, 2),
	(17470, 14, '1812142', 597, 2),
	(17471, 14, '1812140', 569, 4),
	(17472, 14, '1812139', 581, 1),
	(17473, 14, '1812143', 562, 1),
	(17474, 14, '1812149', 561, 1),
	(17475, 14, '1812155', 567, 1),
	(17476, 14, '1812162', 570, 1),
	(17477, 14, '1812163', 589, 1),
	(17478, 14, '1812141', 564, 2),
	(17479, 14, '1812150', 561, 1),
	(17480, 14, '1812161', 593, 1),
	(17481, 14, '1812152', 600, 1),
	(17482, 14, '1812171', 564, 2),
	(17483, 14, '1812149', 596, 2),
	(17484, 14, '1812164', 571, 1),
	(17485, 14, '1812174', 564, 2),
	(17486, 14, '1812153', 576, 1),
	(17487, 14, '1812165', 583, 1),
	(17488, 14, '1812139', 565, 2),
	(17489, 14, '1812172', 561, 2),
	(17490, 14, '1812166', 599, 1),
	(17491, 14, '1812159', 567, 3),
	(17492, 14, '1812150', 596, 1),
	(17493, 14, '1812170', 579, 1),
	(17494, 14, '1812151', 584, 1),
	(17495, 14, '1812147', 571, 1),
	(17496, 14, '1812141', 576, 1),
	(17497, 14, '1812174', 583, 1),
	(17498, 14, '1812327', 591, 2),
	(17499, 14, '1812150', 593, 1),
	(17500, 14, '1812156', 575, 2),
	(17501, 14, '1812140', 589, 2),
	(17502, 14, '1812153', 593, 1),
	(17503, 14, '1812139', 590, 2),
	(17504, 14, '1812155', 588, 2),
	(17505, 14, '1812149', 584, 2),
	(17506, 14, '1812151', 585, 2),
	(17507, 14, '1812176', 582, 1),
	(17508, 14, '1812167', 566, 2),
	(17509, 14, '1812171', 581, 1),
	(17510, 14, '1812327', 574, 1),
	(17511, 14, '1812150', 573, 2),
	(17512, 14, '1812152', 585, 2),
	(17513, 14, '1812157', 582, 2),
	(17514, 14, '1812141', 595, 1),
	(17515, 14, '1812145', 568, 2),
	(17516, 14, '1812172', 591, 2),
	(17517, 14, '1812159', 564, 2),
	(17518, 14, '1812153', 583, 2),
	(17519, 14, '1812163', 590, 2),
	(17520, 14, '1812170', 572, 1),
	(17521, 14, '1812162', 576, 2),
	(17522, 14, '1812156', 565, 2),
	(17523, 14, '1812174', 588, 2),
	(17524, 14, '1812140', 562, 1),
	(17525, 14, '1812167', 562, 1),
	(17526, 14, '1812155', 586, 2),
	(17527, 14, '1812170', 583, 1),
	(17528, 14, '1812142', 586, 2),
	(17529, 14, '1812171', 585, 2),
	(17530, 14, '1812151', 570, 1),
	(17531, 14, '1812140', 573, 2),
	(17532, 14, '1812163', 561, 1),
	(17533, 14, '1812161', 594, 2),
	(17534, 14, '1812158', 568, 2),
	(17535, 14, '1812139', 588, 2),
	(17536, 14, '1812175', 562, 1),
	(17537, 14, '1812159', 566, 2),
	(17538, 14, '1812150', 600, 1),
	(17539, 14, '1812156', 588, 2),
	(17540, 14, '1812162', 594, 2),
	(17541, 14, '1812153', 595, 1),
	(17542, 14, '1812149', 593, 1),
	(17543, 14, '1812172', 587, 1),
	(17544, 14, '1812147', 576, 2),
	(17545, 14, '1812142', 563, 1),
	(17546, 14, '1812327', 589, 1),
	(17547, 14, '1812157', 562, 1),
	(17548, 14, '1812140', 583, 2),
	(17549, 14, '1812161', 587, 1),
	(17550, 14, '1812172', 583, 1),
	(17551, 14, '1812328', 590, 2),
	(17552, 14, '1812163', 563, 1),
	(17553, 14, '1812171', 584, 2),
	(17554, 14, '1812141', 579, 2),
	(17555, 14, '1812174', 597, 1),
	(17556, 14, '1812327', 577, 2),
	(17557, 14, '1812167', 599, 1),
	(17558, 14, '1812164', 594, 2),
	(17559, 14, '1812142', 583, 1),
	(17560, 14, '1812149', 574, 1),
	(17561, 14, '1812143', 578, 2),
	(17562, 14, '1812150', 587, 1),
	(17563, 14, '1812159', 600, 1),
	(17564, 14, '1812172', 594, 1),
	(17565, 14, '1812155', 580, 2),
	(17566, 14, '1812156', 567, 3),
	(17567, 14, '1812147', 598, 2),
	(17568, 14, '1812157', 570, 2),
	(17569, 14, '1812153', 590, 2),
	(17570, 14, '1812159', 561, 1),
	(17571, 14, '1812141', 594, 1),
	(17572, 14, '1812150', 597, 1),
	(17573, 14, '1812143', 573, 2),
	(17574, 14, '1812140', 596, 1),
	(17575, 14, '1812164', 563, 1),
	(17576, 14, '1812328', 573, 2),
	(17577, 14, '1812327', 594, 2),
	(17578, 14, '1812147', 591, 2),
	(17579, 14, '1812174', 572, 1),
	(17580, 14, '1812140', 577, 2),
	(17581, 14, '1812165', 572, 1),
	(17582, 14, '1812171', 571, 1),
	(17583, 14, '1812158', 564, 2),
	(17584, 14, '1812157', 597, 2),
	(17585, 14, '1812176', 579, 1),
	(17586, 14, '1812139', 598, 2),
	(17587, 14, '1812327', 587, 1),
	(17588, 14, '1812172', 562, 1),
	(17589, 14, '1812150', 589, 1),
	(17590, 14, '1812156', 580, 2),
	(17591, 14, '1812159', 578, 2),
	(17592, 14, '1812157', 561, 1),
	(17593, 14, '1812140', 593, 1),
	(17594, 14, '1812146', 568, 2),
	(17595, 14, '1812163', 571, 1),
	(17596, 14, '1812154', 589, 1),
	(17597, 14, '1812167', 568, 1),
	(17598, 14, '1812147', 590, 2),
	(17599, 14, '1812141', 598, 2),
	(17600, 14, '1812145', 585, 2),
	(17601, 14, '1812172', 565, 2),
	(17602, 14, '1812151', 568, 2),
	(17603, 14, '1812139', 572, 1),
	(17604, 14, '1812175', 588, 2),
	(17605, 14, '1812149', 572, 1),
	(17606, 14, '1812164', 581, 1),
	(17607, 14, '1812172', 593, 1),
	(17608, 14, '1812139', 582, 1),
	(17609, 14, '1812159', 569, 4),
	(17610, 14, '1812162', 572, 1),
	(17611, 14, '1812150', 566, 2),
	(17612, 14, '1812327', 588, 2),
	(17613, 14, '1812143', 594, 2),
	(17614, 14, '1812158', 567, 3),
	(17615, 14, '1812151', 573, 2),
	(17616, 14, '1812167', 564, 2),
	(17617, 14, '1812156', 573, 1),
	(17618, 14, '1812171', 575, 2),
	(17619, 14, '1812139', 586, 2),
	(17620, 14, '1812153', 575, 2),
	(17621, 14, '1812145', 574, 1),
	(17622, 14, '1812166', 590, 2),
	(17623, 14, '1812157', 598, 2),
	(17624, 14, '1812158', 583, 2),
	(17625, 14, '1812146', 600, 1),
	(17626, 14, '1812154', 597, 2),
	(17627, 14, '1812167', 563, 1),
	(17628, 14, '1812175', 586, 2),
	(17629, 14, '1812155', 590, 2),
	(17630, 14, '1812147', 585, 2),
	(17631, 14, '1812163', 569, 4),
	(17632, 14, '1812152', 594, 2),
	(17633, 14, '1812171', 577, 2),
	(17634, 14, '1812327', 596, 1),
	(17635, 14, '1812150', 579, 2),
	(17636, 14, '1812149', 589, 1),
	(17637, 14, '1812139', 600, 1),
	(17638, 14, '1812161', 580, 2),
	(17639, 14, '1812165', 564, 2),
	(17640, 14, '1812142', 585, 2),
	(17641, 14, '1812170', 595, 2),
	(17642, 14, '1812149', 583, 2),
	(17643, 14, '1812140', 576, 1),
	(17644, 14, '1812145', 578, 2),
	(17645, 14, '1812171', 570, 1),
	(17646, 14, '1812154', 592, 2),
	(17647, 14, '1812143', 569, 4),
	(17648, 14, '1812146', 579, 2),
	(17649, 14, '1812176', 568, 1),
	(17650, 14, '1812327', 599, 1),
	(17651, 14, '1812174', 563, 1),
	(17652, 14, '1812162', 599, 1),
	(17653, 14, '1812139', 562, 1),
	(17654, 14, '1812328', 579, 2),
	(17655, 14, '1812151', 574, 1),
	(17656, 14, '1812171', 572, 1),
	(17657, 14, '1812172', 571, 1),
	(17658, 14, '1812139', 573, 2),
	(17659, 14, '1812159', 581, 1),
	(17660, 14, '1812327', 583, 2),
	(17661, 14, '1812161', 597, 2),
	(17662, 14, '1812175', 583, 2),
	(17663, 14, '1812152', 582, 2),
	(17664, 14, '1812142', 595, 1),
	(17665, 14, '1812155', 576, 1),
	(17666, 14, '1812327', 573, 2),
	(17667, 14, '1812151', 563, 1),
	(17668, 14, '1812174', 579, 2),
	(17669, 14, '1812163', 597, 2),
	(17670, 14, '1812328', 570, 1),
	(17671, 14, '1812169', 589, 1),
	(17672, 14, '1812162', 591, 2),
	(17673, 14, '1812140', 584, 1),
	(17674, 14, '1812157', 579, 2),
	(17675, 14, '1812145', 571, 1),
	(17676, 14, '1812151', 583, 2),
	(17677, 14, '1812176', 564, 2),
	(17678, 14, '1812153', 581, 1),
	(17679, 14, '1812156', 569, 4),
	(17680, 14, '1812172', 575, 2),
	(17681, 14, '1812167', 590, 2),
	(17682, 14, '1812141', 586, 2),
	(17683, 14, '1812159', 582, 1),
	(17684, 14, '1812170', 564, 2),
	(17685, 14, '1812161', 591, 2),
	(17686, 14, '1812158', 579, 2),
	(17687, 14, '1812164', 593, 2),
	(17688, 14, '1812139', 592, 2),
	(17689, 14, '1812147', 596, 2),
	(17690, 14, '1812140', 572, 1),
	(17691, 14, '1812154', 598, 2),
	(17692, 14, '1812175', 572, 1),
	(17693, 14, '1812171', 592, 2),
	(17694, 14, '1812163', 584, 1),
	(17695, 14, '1812176', 596, 1),
	(17696, 14, '1812162', 584, 2),
	(17697, 14, '1812150', 568, 2),
	(17698, 14, '1812141', 600, 1),
	(17699, 14, '1812159', 586, 2),
	(17700, 14, '1812327', 568, 1),
	(17701, 14, '1812152', 583, 2),
	(17702, 14, '1812139', 570, 1),
	(17703, 14, '1812173', 592, 2),
	(17704, 14, '1812158', 592, 2),
	(17705, 14, '1812141', 573, 2),
	(17706, 14, '1812146', 598, 2),
	(17707, 14, '1812140', 597, 2),
	(17708, 14, '1812142', 568, 2),
	(17709, 14, '1812171', 587, 1),
	(17710, 14, '1812174', 586, 2),
	(17711, 14, '1812155', 591, 2),
	(17712, 14, '1812169', 567, 3),
	(17713, 14, '1812151', 588, 2),
	(17714, 14, '1812172', 581, 1),
	(17715, 14, '1812139', 597, 1),
	(17716, 14, '1812154', 570, 1),
	(17717, 14, '1812161', 592, 2),
	(17718, 14, '1812156', 595, 1),
	(17719, 14, '1812328', 578, 2),
	(17720, 14, '1812165', 580, 2),
	(17721, 14, '1812166', 586, 2),
	(17722, 14, '1812150', 562, 1),
	(17723, 14, '1812162', 588, 2),
	(17724, 14, '1812172', 596, 1),
	(17725, 14, '1812139', 596, 1),
	(17726, 14, '1812164', 590, 1),
	(17727, 14, '1812153', 587, 1),
	(17728, 14, '1812169', 561, 1),
	(17729, 14, '1812158', 588, 2),
	(17730, 14, '1812145', 594, 2),
	(17731, 14, '1812140', 567, 3),
	(17732, 14, '1812174', 567, 3),
	(17733, 14, '1812163', 585, 2),
	(17734, 14, '1812141', 593, 1),
	(17735, 14, '1812159', 585, 2),
	(17736, 14, '1812172', 576, 1),
	(17737, 14, '1812142', 575, 2),
	(17738, 14, '1812162', 577, 2),
	(17739, 14, '1812154', 582, 2),
	(17740, 14, '1812152', 575, 2),
	(17741, 14, '1812327', 567, 3),
	(17742, 14, '1812151', 593, 1),
	(17743, 14, '1812150', 575, 2),
	(17744, 14, '1812145', 572, 1),
	(17745, 14, '1812171', 594, 2),
	(17746, 14, '1812164', 596, 1),
	(17747, 14, '1812167', 579, 2),
	(17748, 14, '1812174', 595, 1),
	(17749, 14, '1812173', 578, 2),
	(17750, 14, '1812169', 579, 1),
	(17751, 14, '1812140', 582, 2),
	(17752, 14, '1812172', 579, 2),
	(17753, 14, '1812164', 565, 1),
	(17754, 14, '1812176', 574, 1),
	(17755, 14, '1812174', 573, 2),
	(17756, 14, '1812150', 564, 2),
	(17757, 14, '1812141', 580, 2),
	(17758, 14, '1812153', 577, 1),
	(17759, 14, '1812146', 583, 1),
	(17760, 14, '1812163', 575, 2),
	(17761, 14, '1812172', 573, 2),
	(17762, 14, '1812152', 588, 2),
	(17763, 14, '1812327', 584, 2),
	(17764, 14, '1812173', 566, 2),
	(17765, 14, '1812162', 592, 2),
	(17766, 14, '1812141', 582, 1),
	(17767, 14, '1812142', 581, 1),
	(17768, 14, '1812140', 571, 1),
	(17769, 14, '1812167', 575, 2),
	(17770, 14, '1812159', 590, 2),
	(17771, 14, '1812154', 587, 1),
	(17772, 14, '1812147', 592, 2),
	(17773, 14, '1812172', 597, 1),
	(17774, 14, '1812158', 591, 2),
	(17775, 14, '1812141', 583, 2),
	(17776, 14, '1812156', 576, 2),
	(17777, 14, '1812161', 588, 2),
	(17778, 14, '1812327', 575, 2),
	(17779, 14, '1812163', 577, 1),
	(17780, 14, '1812155', 592, 2),
	(17781, 14, '1812151', 579, 2),
	(17782, 14, '1812150', 586, 2),
	(17783, 14, '1812147', 561, 1),
	(17784, 14, '1812153', 592, 2),
	(17785, 14, '1812162', 579, 1),
	(17786, 14, '1812157', 568, 3),
	(17787, 14, '1812159', 598, 2),
	(17788, 14, '1812167', 593, 1),
	(17789, 14, '1812171', 561, 1),
	(17790, 14, '1812161', 573, 2),
	(17791, 14, '1812142', 571, 1),
	(17792, 14, '1812169', 574, 1),
	(17793, 14, '1812140', 580, 1),
	(17794, 14, '1812176', 600, 1),
	(17795, 14, '1812174', 590, 2),
	(17796, 14, '1812141', 571, 1),
	(17797, 14, '1812143', 579, 1),
	(17798, 14, '1812151', 561, 1),
	(17799, 14, '1812164', 569, 4),
	(17800, 14, '1812158', 572, 1),
	(17801, 14, '1812167', 597, 2),
	(17802, 14, '1812327', 564, 2),
	(17803, 14, '1812146', 572, 1),
	(17804, 14, '1812140', 570, 1),
	(17805, 14, '1812173', 597, 1),
	(17806, 14, '1812142', 594, 1),
	(17807, 14, '1812152', 564, 2),
	(17808, 14, '1812145', 582, 2),
	(17809, 14, '1812175', 589, 1),
	(17810, 14, '1812156', 571, 2),
	(17811, 14, '1812172', 590, 1),
	(17812, 14, '1812167', 576, 1),
	(17813, 14, '1812165', 569, 4),
	(17814, 14, '1812157', 575, 2),
	(17815, 14, '1812141', 578, 2),
	(17816, 14, '1812166', 568, 3),
	(17817, 14, '1812147', 574, 1),
	(17818, 14, '1812163', 599, 1),
	(17819, 14, '1812164', 591, 2),
	(17820, 14, '1812159', 571, 1),
	(17821, 14, '1812151', 590, 2),
	(17822, 14, '1812150', 572, 1),
	(17823, 14, '1812149', 579, 2),
	(17824, 14, '1812171', 563, 1),
	(17825, 14, '1812167', 578, 2),
	(17826, 14, '1812143', 572, 1),
	(17827, 14, '1812174', 592, 2),
	(17828, 14, '1812141', 592, 2),
	(17829, 14, '1812151', 596, 1),
	(17830, 14, '1812172', 586, 2),
	(17831, 14, '1812161', 574, 1),
	(17832, 14, '1812158', 594, 2),
	(17833, 14, '1812145', 561, 1),
	(17834, 14, '1812150', 567, 3),
	(17835, 14, '1812159', 565, 2),
	(17836, 14, '1812165', 585, 1),
	(17837, 14, '1812162', 582, 1),
	(17838, 14, '1812157', 574, 1),
	(17839, 14, '1812147', 565, 2),
	(17840, 14, '1812167', 594, 2),
	(17841, 14, '1812146', 576, 1),
	(17842, 14, '1812155', 599, 1),
	(17843, 14, '1812156', 574, 1),
	(17844, 14, '1812163', 578, 2),
	(17845, 14, '1812141', 585, 1),
	(17846, 14, '1812158', 570, 1),
	(17847, 14, '1812167', 570, 1),
	(17848, 14, '1812172', 572, 1),
	(17849, 14, '1812328', 568, 2),
	(17850, 14, '1812152', 597, 2),
	(17851, 14, '1812327', 578, 2),
	(17852, 14, '1812174', 578, 2),
	(17853, 14, '1812141', 577, 2),
	(17854, 14, '1812151', 562, 1),
	(17855, 14, '1812143', 571, 1),
	(17856, 14, '1812153', 574, 1),
	(17857, 14, '1812169', 571, 1),
	(17858, 14, '1812159', 593, 1),
	(17859, 14, '1812154', 569, 2),
	(17860, 14, '1812172', 577, 2),
	(17861, 14, '1812142', 578, 2),
	(17862, 14, '1812175', 600, 1),
	(17863, 14, '1812149', 565, 2),
	(17864, 14, '1812164', 587, 1),
	(17865, 14, '1812170', 568, 2),
	(17866, 14, '1812139', 568, 2),
	(17867, 14, '1812167', 567, 3),
	(17868, 14, '1812162', 581, 1),
	(17869, 14, '1812174', 584, 2),
	(17870, 14, '1812163', 566, 1),
	(17871, 14, '1812142', 582, 1),
	(17872, 14, '1812165', 573, 2),
	(17873, 14, '1812169', 577, 2),
	(17874, 14, '1812161', 571, 2),
	(17875, 14, '1812151', 572, 1),
	(17876, 14, '1812164', 592, 1),
	(17877, 14, '1812157', 564, 2),
	(17878, 14, '1812171', 589, 1),
	(17879, 14, '1812158', 565, 2),
	(17880, 14, '1812139', 583, 2),
	(17881, 14, '1812174', 566, 2),
	(17882, 14, '1812154', 591, 2),
	(17883, 14, '1812162', 561, 1),
	(17884, 14, '1812142', 584, 1),
	(17885, 14, '1812175', 574, 1),
	(17886, 14, '1812146', 587, 1),
	(17887, 14, '1812157', 573, 2),
	(17888, 14, '1812145', 592, 2),
	(17889, 14, '1812176', 571, 1),
	(17890, 14, '1812164', 562, 1),
	(17891, 14, '1812156', 600, 1),
	(17892, 14, '1812151', 589, 1),
	(17893, 14, '1812169', 572, 1),
	(17894, 14, '1812327', 585, 2),
	(17895, 14, '1812166', 581, 1),
	(17896, 14, '1812328', 571, 1),
	(17897, 14, '1812150', 588, 2),
	(17898, 14, '1812142', 593, 1),
	(17899, 14, '1812156', 596, 1),
	(17900, 14, '1812157', 563, 1),
	(17901, 14, '1812145', 591, 2),
	(17902, 14, '1812158', 597, 2),
	(17903, 14, '1812155', 581, 1),
	(17904, 14, '1812141', 581, 2),
	(17905, 14, '1812151', 586, 2),
	(17906, 14, '1812174', 598, 2),
	(17907, 14, '1812139', 579, 2),
	(17908, 14, '1812162', 571, 1),
	(17909, 14, '1812164', 577, 2),
	(17910, 14, '1812156', 562, 1),
	(17911, 14, '1812150', 599, 1),
	(17912, 14, '1812163', 576, 2),
	(17913, 14, '1812142', 580, 2),
	(17914, 14, '1812327', 592, 2),
	(17915, 14, '1812151', 565, 2),
	(17916, 14, '1812328', 562, 1),
	(17917, 14, '1812174', 591, 1),
	(17918, 14, '1812159', 568, 2),
	(17919, 14, '1812139', 584, 2),
	(17920, 14, '1812162', 565, 2),
	(17921, 14, '1812167', 569, 4),
	(17922, 14, '1812176', 586, 2),
	(17923, 14, '1812158', 580, 2),
	(17924, 14, '1812157', 565, 1),
	(17925, 14, '1812147', 589, 1),
	(17926, 14, '1812154', 579, 1),
	(17927, 14, '1812141', 584, 2),
	(17928, 14, '1812143', 568, 2),
	(17929, 14, '1812161', 567, 3),
	(17930, 14, '1812152', 571, 1),
	(17931, 14, '1812159', 597, 2),
	(17932, 14, '1812156', 587, 1),
	(17933, 14, '1812167', 572, 1),
	(17934, 14, '1812146', 590, 2),
	(17935, 14, '1812155', 598, 2),
	(17936, 14, '1812164', 582, 2),
	(17937, 14, '1812327', 600, 1),
	(17938, 14, '1812166', 566, 2),
	(17939, 14, '1812145', 590, 2),
	(17940, 14, '1812175', 580, 2),
	(17941, 14, '1812328', 596, 2),
	(17942, 14, '1812151', 569, 4),
	(17943, 14, '1812157', 586, 2),
	(17944, 14, '1812167', 598, 2),
	(17945, 14, '1812142', 596, 1),
	(17946, 14, '1812174', 587, 1),
	(17947, 14, '1812154', 576, 1),
	(17948, 14, '1812162', 580, 1),
	(17949, 14, '1812170', 589, 1),
	(17950, 14, '1812158', 585, 2),
	(17951, 14, '1812327', 586, 2),
	(17952, 14, '1812165', 574, 2),
	(17953, 14, '1812145', 563, 1),
	(17954, 14, '1812176', 572, 1),
	(17955, 14, '1812157', 592, 2),
	(17956, 14, '1812142', 577, 2),
	(17957, 14, '1812143', 600, 1),
	(17958, 14, '1812163', 580, 2),
	(17959, 14, '1812167', 574, 2),
	(17960, 14, '1812164', 572, 2),
	(17961, 14, '1812170', 562, 1),
	(17962, 14, '1812328', 584, 1),
	(17963, 14, '1812151', 597, 2),
	(17964, 14, '1812169', 582, 1),
	(17965, 14, '1812161', 579, 2),
	(17966, 14, '1812171', 569, 3),
	(17967, 14, '1812172', 566, 2),
	(17968, 14, '1812175', 584, 1),
	(17969, 14, '1812164', 584, 1),
	(17970, 14, '1812327', 580, 1),
	(17971, 14, '1812147', 584, 2),
	(17972, 14, '1812174', 575, 2),
	(17973, 14, '1812143', 582, 2),
	(17974, 14, '1812156', 582, 2),
	(17975, 14, '1812162', 575, 2),
	(17976, 14, '1812141', 589, 1),
	(17977, 14, '1812176', 562, 1),
	(17978, 14, '1812152', 576, 1),
	(17979, 14, '1812172', 569, 4),
	(17980, 14, '1812328', 572, 1),
	(17981, 14, '1812165', 562, 2),
	(17982, 14, '1812171', 591, 2),
	(17983, 14, '1812327', 563, 1),
	(17984, 14, '1812163', 594, 2),
	(17985, 14, '1812151', 575, 2),
	(17986, 14, '1812145', 580, 2),
	(17987, 14, '1812167', 581, 2),
	(17988, 14, '1812142', 599, 1),
	(17989, 14, '1812155', 574, 1),
	(17990, 14, '1812152', 561, 2),
	(17991, 14, '1812153', 568, 3),
	(17992, 14, '1812172', 563, 1),
	(17993, 14, '1812141', 572, 1),
	(17994, 14, '1812170', 575, 2),
	(17995, 14, '1812167', 584, 2),
	(17996, 14, '1812162', 566, 2),
	(17997, 14, '1812145', 596, 2),
	(17998, 14, '1812156', 597, 2),
	(17999, 14, '1812327', 570, 1),
	(18000, 14, '1812166', 571, 1),
	(18001, 14, '1812174', 574, 2),
	(18002, 14, '1812154', 580, 1),
	(18003, 14, '1812176', 578, 2),
	(18004, 14, '1812142', 592, 2),
	(18005, 14, '1812157', 596, 2),
	(18006, 14, '1812164', 586, 2),
	(18007, 14, '1812169', 563, 1),
	(18008, 14, '1812172', 595, 1),
	(18009, 14, '1812171', 565, 2),
	(18010, 14, '1812147', 567, 3),
	(18011, 14, '1812157', 577, 2),
	(18012, 14, '1812174', 600, 1),
	(18013, 14, '1812327', 593, 1),
	(18014, 14, '1812156', 599, 1),
	(18015, 14, '1812142', 572, 1),
	(18016, 14, '1812172', 578, 2),
	(18017, 14, '1812165', 598, 1),
	(18018, 14, '1812153', 572, 1),
	(18019, 14, '1812167', 591, 2),
	(18020, 14, '1812161', 599, 1),
	(18021, 14, '1812141', 566, 2),
	(18022, 14, '1812154', 564, 2),
	(18023, 14, '1812146', 575, 2),
	(18024, 14, '1812151', 581, 1),
	(18025, 14, '1812163', 582, 2),
	(18026, 14, '1812164', 597, 2),
	(18027, 14, '1812142', 591, 1),
	(18028, 14, '1812157', 591, 2),
	(18029, 14, '1812174', 561, 2),
	(18030, 14, '1812158', 600, 1),
	(18031, 14, '1812156', 579, 2),
	(18032, 14, '1812153', 580, 2),
	(18033, 14, '1812167', 600, 1),
	(18034, 14, '1812141', 599, 1),
	(18035, 14, '1812142', 565, 2),
	(18036, 14, '1812161', 565, 2),
	(18037, 14, '1812174', 562, 1),
	(18038, 14, '1812166', 574, 1),
	(18039, 14, '1812162', 600, 1),
	(18040, 14, '1812154', 578, 2),
	(18041, 14, '1812176', 565, 1),
	(18042, 14, '1812157', 599, 1),
	(18043, 14, '1812170', 576, 2),
	(18044, 14, '1812164', 570, 1),
	(18045, 14, '1812328', 580, 1),
	(18046, 14, '1812167', 561, 2),
	(18047, 14, '1812158', 587, 1),
	(18048, 14, '1812161', 572, 1),
	(18049, 14, '1812142', 562, 1),
	(18050, 14, '1812157', 566, 2),
	(18051, 14, '1812172', 589, 1),
	(18052, 14, '1812174', 565, 2),
	(18053, 14, '1812166', 595, 1),
	(18054, 14, '1812171', 600, 1),
	(18055, 14, '1812156', 592, 2),
	(18056, 14, '1812176', 561, 1),
	(18057, 14, '1812164', 564, 2),
	(18058, 14, '1812171', 597, 2),
	(18059, 14, '1812171', 580, 2),
	(18060, 14, '1812171', 582, 2),
	(18061, 14, '1812171', 596, 2),
	(18062, 14, '1812171', 595, 1),
	(18063, 14, '1812171', 576, 2),
	(18064, 14, '1812171', 574, 1),
	(18065, 14, '1812171', 573, 2),
	(18066, 14, '1812171', 562, 2),
	(18067, 14, '1812171', 590, 2),
	(18068, 14, '1812171', 583, 2),
	(18069, 14, '1812171', 598, 2),
	(18070, 14, '1812170', 571, 1),
	(18071, 14, '1812170', 598, 2),
	(18072, 14, '1812170', 592, 1),
	(18073, 14, '1812170', 593, 1),
	(18074, 14, '1812170', 581, 1),
	(18075, 14, '1812170', 600, 1),
	(18076, 14, '1812170', 563, 1),
	(18077, 14, '1812170', 587, 1),
	(18078, 14, '1812170', 561, 1),
	(18079, 14, '1812154', 590, 2),
	(18080, 14, '1812169', 568, 3),
	(18081, 14, '1812163', 579, 2),
	(18082, 14, '1812154', 595, 1),
	(18083, 14, '1812154', 561, 1),
	(18084, 14, '1812154', 575, 2),
	(18085, 14, '1812154', 565, 2),
	(18086, 14, '1812154', 577, 2),
	(18087, 14, '1812154', 568, 2),
	(18088, 14, '1812154', 593, 1),
	(18089, 14, '1812154', 566, 2),
	(18090, 14, '1812169', 584, 1),
	(18091, 14, '1812169', 599, 1),
	(18092, 14, '1812169', 593, 1),
	(18093, 14, '1812169', 565, 2),
	(18094, 14, '1812169', 566, 2),
	(18095, 14, '1812169', 594, 1),
	(18096, 14, '1812169', 576, 1),
	(18097, 14, '1812169', 598, 2),
	(18098, 14, '1812169', 595, 1),
	(18099, 14, '1812169', 587, 1),
	(18100, 14, '1812169', 588, 2),
	(18101, 14, '1812163', 570, 1),
	(18102, 14, '1812327', 581, 1),
	(18103, 14, '1812327', 572, 1),
	(18104, 14, '1812173', 600, 1),
	(18105, 14, '1812173', 588, 2),
	(18106, 14, '1812173', 581, 1),
	(18107, 14, '1812173', 571, 1),
	(18108, 14, '1812173', 590, 2),
	(18109, 14, '1812173', 575, 2),
	(18110, 14, '1812173', 577, 2),
	(18111, 14, '1812173', 598, 2),
	(18112, 14, '1812172', 600, 1),
	(18113, 14, '1812172', 570, 1),
	(18114, 14, '1812172', 582, 2),
	(18115, 14, '1812176', 581, 1),
	(18116, 14, '1812176', 585, 2),
	(18117, 14, '1812176', 573, 2),
	(18118, 14, '1812176', 592, 2),
	(18119, 14, '1812176', 569, 4),
	(18120, 14, '1812176', 589, 2),
	(18121, 14, '1812176', 570, 1),
	(18122, 14, '1812176', 583, 1),
	(18123, 14, '1812176', 575, 2),
	(18124, 14, '1812176', 594, 1),
	(18125, 14, '1812161', 576, 2),
	(18126, 14, '1812161', 590, 2),
	(18127, 14, '1812161', 564, 2),
	(18128, 14, '1812161', 566, 2),
	(18129, 14, '1812161', 568, 3),
	(18130, 14, '1812166', 591, 2),
	(18131, 14, '1812166', 579, 1),
	(18132, 14, '1812166', 582, 1),
	(18133, 14, '1812166', 577, 2),
	(18134, 14, '1812166', 569, 4),
	(18135, 14, '1812166', 565, 2),
	(18136, 14, '1812166', 589, 1),
	(18137, 14, '1812166', 570, 1),
	(18138, 14, '1812166', 576, 2),
	(18139, 14, '1812175', 568, 2),
	(18140, 14, '1812175', 567, 3),
	(18141, 14, '1812175', 582, 2),
	(18142, 14, '1812175', 591, 2),
	(18143, 14, '1812143', 565, 2),
	(18144, 14, '1812143', 577, 2),
	(18145, 14, '1812143', 595, 1),
	(18146, 14, '1812143', 566, 2),
	(18147, 14, '1812143', 597, 2),
	(18148, 14, '1812143', 564, 2),
	(18149, 14, '1812143', 590, 2),
	(18150, 14, '1812143', 589, 1),
	(18151, 14, '1812143', 581, 1),
	(18152, 14, '1812143', 583, 2),
	(18153, 14, '1812173', 596, 2),
	(18154, 14, '1812152', 579, 2),
	(18155, 14, '1812152', 572, 1),
	(18156, 14, '1812152', 578, 2),
	(18157, 14, '1812152', 568, 3),
	(18158, 14, '1812152', 567, 3),
	(18159, 14, '1812152', 573, 2),
	(18160, 14, '1812152', 595, 1),
	(18161, 14, '1812152', 590, 2),
	(18162, 14, '1812152', 570, 1),
	(18163, 14, '1812152', 577, 2),
	(18164, 14, '1812152', 591, 2),
	(18165, 14, '1812152', 580, 2),
	(18166, 14, '1812154', 574, 1),
	(18167, 14, '1812166', 588, 2),
	(18168, 14, '1812169', 592, 2),
	(18169, 14, '1812153', 598, 2),
	(18170, 14, '1812153', 570, 1),
	(18171, 14, '1812153', 599, 1),
	(18172, 14, '1812153', 584, 2),
	(18173, 14, '1812153', 582, 2),
	(18174, 14, '1812153', 564, 2),
	(18175, 14, '1812153', 567, 3),
	(18176, 14, '1812153', 565, 1),
	(18177, 14, '1812153', 588, 2),
	(18178, 14, '1812153', 573, 2),
	(18179, 14, '1812147', 563, 1),
	(18180, 14, '1812147', 562, 1),
	(18181, 14, '1812147', 586, 2),
	(18182, 14, '1812147', 588, 2),
	(18183, 14, '1812147', 581, 2),
	(18184, 14, '1812147', 580, 1),
	(18185, 14, '1812147', 578, 2),
	(18186, 14, '1812147', 564, 2),
	(18187, 14, '1812146', 578, 2),
	(18188, 14, '1812146', 563, 1),
	(18189, 14, '1812146', 597, 2),
	(18190, 14, '1812146', 574, 1),
	(18191, 14, '1812146', 594, 2),
	(18192, 14, '1812146', 565, 2),
	(18193, 14, '1812146', 564, 2),
	(18194, 14, '1812175', 581, 1),
	(18195, 14, '1812157', 587, 1),
	(18196, 14, '1812157', 595, 1),
	(18197, 14, '1812157', 600, 2),
	(18198, 14, '1812157', 585, 2),
	(18199, 14, '1812157', 567, 3),
	(18200, 14, '1812157', 580, 2),
	(18201, 14, '1812157', 584, 2),
	(18202, 14, '1812157', 569, 4),
	(18203, 14, '1812145', 576, 1),
	(18204, 14, '1812145', 593, 1),
	(18205, 14, '1812145', 570, 1),
	(18206, 14, '1812145', 581, 1),
	(18207, 14, '1812145', 579, 2),
	(18208, 14, '1812145', 567, 3),
	(18209, 14, '1812145', 565, 1),
	(18210, 14, '1812145', 597, 2),
	(18211, 14, '1812158', 584, 2),
	(18212, 14, '1812158', 571, 1),
	(18213, 14, '1812158', 577, 2),
	(18214, 14, '1812158', 586, 2),
	(18215, 14, '1812158', 573, 2),
	(18216, 14, '1812165', 589, 1),
	(18217, 14, '1812165', 593, 1),
	(18218, 14, '1812165', 592, 2),
	(18219, 14, '1812165', 567, 3),
	(18220, 14, '1812165', 600, 1),
	(18221, 14, '1812165', 575, 2),
	(18222, 14, '1812165', 586, 2),
	(18223, 14, '1812165', 591, 1),
	(18224, 14, '1812164', 561, 1),
	(18225, 14, '1812164', 589, 2),
	(18226, 14, '1812164', 583, 2),
	(18227, 14, '1812164', 579, 2),
	(18228, 14, '1812164', 598, 2),
	(18229, 14, '1812164', 575, 2),
	(18230, 14, '1812164', 573, 1),
	(18231, 14, '1812164', 578, 2),
	(18232, 14, '1812164', 599, 1),
	(18233, 14, '1812164', 574, 2),
	(18234, 14, '1812164', 566, 1),
	(18235, 14, '1812164', 585, 2),
	(18236, 14, '1812155', 595, 1),
	(18237, 14, '1812155', 578, 2),
	(18238, 14, '1812155', 577, 2),
	(18239, 14, '1812155', 583, 2),
	(18240, 14, '1812155', 572, 1),
	(18241, 14, '1812170', 588, 2),
	(18242, 14, '1812328', 597, 2),
	(18243, 14, '1812328', 569, 4),
	(18244, 14, '1812328', 591, 2),
	(18245, 14, '1812328', 561, 1),
	(18246, 14, '1812328', 595, 1),
	(18247, 14, '1812328', 585, 2),
	(18248, 14, '1812162', 590, 2),
	(18249, 14, '1812162', 595, 1),
	(18250, 14, '1812162', 585, 2),
	(18251, 14, '1812162', 596, 2),
	(18252, 14, '1812162', 573, 2),
	(18253, 14, '1812162', 578, 2),
	(18254, 14, '1812162', 574, 1),
	(18255, 14, '1812162', 564, 2),
	(18256, 14, '1812162', 589, 1),
	(18257, 14, '1812162', 587, 1),
	(18258, 14, '1812141', 568, 2),
	(18259, 14, '1812173', 563, 1),
	(18260, 14, '1812143', 588, 2),
	(18261, 14, '1812147', 568, 1),
	(18262, 14, '1812152', 587, 1),
	(18263, 14, '1812146', 586, 2),
	(18264, 14, '1812143', 596, 1),
	(18265, 14, '1812170', 596, 1),
	(18266, 14, '1812175', 597, 2),
	(18267, 14, '1812147', 577, 2),
	(18268, 14, '1812173', 562, 1),
	(18269, 14, '1812145', 589, 1),
	(18270, 14, '1812154', 567, 3),
	(18271, 14, '1812155', 597, 1),
	(18272, 14, '1812146', 566, 2),
	(18273, 14, '1812165', 595, 1),
	(18274, 14, '1812175', 561, 1),
	(18275, 14, '1812176', 599, 1),
	(18276, 14, '1812145', 600, 1),
	(18277, 14, '1812146', 561, 2),
	(18278, 14, '1812143', 575, 2),
	(18279, 14, '1812166', 593, 1),
	(18280, 14, '1812147', 572, 1),
	(18281, 14, '1812155', 579, 2),
	(18282, 14, '1812166', 564, 2),
	(18283, 14, '1812173', 589, 1),
	(18284, 14, '1812165', 578, 2),
	(18285, 14, '1812146', 595, 1),
	(18286, 14, '1812175', 564, 2),
	(18287, 14, '1812173', 573, 2),
	(18288, 14, '1812161', 581, 1),
	(18289, 14, '1812176', 587, 1),
	(18290, 14, '1812145', 599, 1),
	(18291, 14, '1812143', 592, 2),
	(18292, 14, '1812166', 587, 1),
	(18293, 14, '1812147', 593, 1),
	(18294, 14, '1812169', 569, 4),
	(18295, 14, '1812152', 599, 1),
	(18296, 14, '1812147', 573, 2),
	(18297, 14, '1812161', 563, 1),
	(18298, 14, '1812143', 570, 1),
	(18299, 14, '1812143', 584, 1),
	(18300, 14, '1812166', 578, 2),
	(18301, 14, '1812175', 578, 2),
	(18302, 14, '1812169', 590, 2),
	(18303, 14, '1812161', 596, 1),
	(18304, 14, '1812176', 580, 1),
	(18305, 14, '1812165', 576, 1),
	(18306, 14, '1812173', 599, 1),
	(18307, 14, '1812166', 561, 1),
	(18308, 14, '1812147', 579, 2),
	(18309, 14, '1812166', 562, 1),
	(18310, 14, '1812146', 588, 2),
	(18311, 14, '1812155', 584, 2),
	(18312, 14, '1812173', 568, 2),
	(18313, 14, '1812176', 593, 1),
	(18314, 14, '1812169', 570, 1),
	(18315, 14, '1812161', 585, 2),
	(18316, 14, '1812175', 570, 1),
	(18317, 14, '1812170', 567, 3),
	(18318, 14, '1812170', 573, 2),
	(18319, 14, '1812165', 599, 1),
	(18320, 14, '1812176', 563, 1),
	(18321, 14, '1812328', 589, 2),
	(18322, 14, '1812173', 585, 2),
	(18323, 14, '1812155', 582, 2),
	(18324, 14, '1812173', 564, 2),
	(18325, 14, '1812146', 571, 2),
	(18326, 14, '1812165', 584, 1),
	(18327, 14, '1812161', 600, 1),
	(18328, 14, '1812175', 585, 2),
	(18329, 14, '1812147', 575, 2),
	(18330, 14, '1812328', 574, 1),
	(18331, 14, '1812152', 581, 1),
	(18332, 14, '1812166', 597, 2),
	(18333, 14, '1812170', 570, 1),
	(18334, 14, '1812146', 577, 2),
	(18335, 14, '1812152', 565, 2),
	(18336, 14, '1812328', 582, 2),
	(18337, 14, '1812165', 596, 1),
	(18338, 14, '1812161', 562, 1),
	(18339, 14, '1812170', 585, 2),
	(18340, 14, '1812155', 589, 1),
	(18341, 14, '1812161', 577, 2),
	(18342, 14, '1812175', 593, 1),
	(18343, 14, '1812161', 595, 1),
	(18344, 14, '1812170', 582, 1),
	(18345, 14, '1812152', 574, 1),
	(18346, 14, '1812146', 596, 1),
	(18347, 14, '1812166', 594, 2),
	(18348, 14, '1812165', 581, 2),
	(18349, 14, '1812155', 563, 1),
	(18350, 14, '1812328', 588, 2),
	(18351, 14, '1812173', 583, 1),
	(18352, 14, '1812166', 572, 1),
	(18353, 14, '1812175', 594, 2),
	(18354, 14, '1812165', 563, 1),
	(18355, 14, '1812142', 574, 1),
	(18356, 14, '1812167', 582, 2),
	(18357, 14, '1812173', 570, 1),
	(18358, 14, '1812147', 594, 2),
	(18359, 14, '1812165', 579, 1),
	(18360, 14, '1812174', 589, 2),
	(18361, 14, '1812155', 564, 2),
	(18362, 14, '1812175', 590, 2),
	(18363, 14, '1812147', 595, 1),
	(18364, 14, '1812152', 569, 3),
	(18365, 14, '1812156', 589, 1),
	(18366, 14, '1812170', 569, 4),
	(18367, 14, '1812173', 586, 2),
	(18368, 14, '1812147', 569, 4),
	(18369, 14, '1812156', 564, 2),
	(18370, 14, '1812156', 566, 2),
	(18371, 14, '1812175', 598, 2),
	(18372, 14, '1812165', 590, 2),
	(18373, 14, '1812173', 574, 1),
	(18374, 14, '1812166', 567, 3),
	(18375, 14, '1812152', 593, 1),
	(18376, 14, '1812165', 577, 1),
	(18377, 14, '1812156', 578, 2),
	(18378, 14, '1812146', 589, 1),
	(18379, 14, '1812328', 581, 1),
	(18380, 14, '1812173', 584, 1),
	(18381, 14, '1812156', 577, 2),
	(18382, 14, '1812155', 570, 1),
	(18383, 14, '1812166', 563, 1),
	(18384, 14, '1812156', 586, 2),
	(18385, 14, '1812328', 583, 2),
	(18386, 14, '1812156', 591, 2),
	(18387, 14, '1812173', 593, 1),
	(18388, 14, '1812156', 593, 1),
	(18389, 14, '1812170', 584, 1),
	(18390, 14, '1812165', 582, 1),
	(18391, 14, '1812175', 571, 1),
	(18392, 14, '1812165', 597, 1),
	(18393, 14, '1812155', 585, 2),
	(18394, 14, '1812165', 565, 1),
	(18395, 14, '1812146', 591, 2),
	(18396, 14, '1812165', 594, 1),
	(18397, 14, '1812328', 566, 2),
	(18398, 14, '1812155', 596, 2),
	(18399, 14, '1812175', 592, 2),
	(18400, 14, '1812170', 594, 2),
	(18401, 14, '1812328', 576, 2),
	(18402, 14, '1812165', 568, 3),
	(18403, 14, '1812328', 577, 2),
	(18404, 14, '1812146', 592, 2),
	(18405, 14, '1812170', 577, 2),
	(18406, 14, '1812146', 562, 1),
	(18407, 14, '1812170', 565, 2),
	(18408, 14, '1812328', 600, 1),
	(18409, 14, '1812170', 586, 2),
	(18410, 14, '1812175', 579, 2),
	(18411, 14, '1812170', 566, 2),
	(18412, 14, '1812170', 591, 1),
	(18413, 14, '1812328', 594, 2),
	(18414, 14, '1812170', 580, 1),
	(18415, 14, '1812328', 563, 1),
	(18416, 14, '1812328', 599, 1),
	(18417, 14, '1812328', 564, 2),
	(18418, 14, '1812328', 567, 1),
	(18419, 14, '1812188', 573, 2),
	(18420, 14, '1812185', 562, 1),
	(18421, 14, '1812177', 575, 2),
	(18422, 14, '1812196', 577, 2),
	(18423, 14, '1812214', 582, 1),
	(18424, 14, '1812188', 562, 1),
	(18425, 14, '1812185', 573, 2),
	(18426, 14, '1812182', 562, 1),
	(18427, 14, '1812204', 597, 2),
	(18428, 14, '1812192', 588, 2),
	(18429, 14, '1812187', 582, 1),
	(18430, 14, '1812180', 575, 2),
	(18431, 14, '1812207', 588, 2),
	(18432, 14, '1812186', 573, 2),
	(18433, 14, '1812202', 597, 1),
	(18434, 14, '1812185', 591, 2),
	(18435, 14, '1812197', 595, 1),
	(18436, 14, '1812196', 578, 2),
	(18437, 14, '1812189', 569, 4),
	(18438, 14, '1812214', 585, 2),
	(18439, 14, '1812208', 574, 1),
	(18440, 14, '1812190', 574, 2),
	(18441, 14, '1812201', 588, 1),
	(18442, 14, '1812210', 587, 1),
	(18443, 14, '1812187', 561, 1),
	(18444, 14, '1812179', 565, 2),
	(18445, 14, '1812207', 572, 1),
	(18446, 14, '1812185', 570, 1),
	(18447, 14, '1812177', 569, 3),
	(18448, 14, '1812202', 567, 3),
	(18449, 14, '1812213', 575, 2),
	(18450, 14, '1812196', 588, 2),
	(18451, 14, '1812210', 564, 2),
	(18452, 14, '1812186', 570, 1),
	(18453, 14, '1812190', 591, 1),
	(18454, 14, '1812212', 568, 2),
	(18455, 14, '1812192', 576, 1),
	(18456, 14, '1812188', 563, 1),
	(18457, 14, '1812208', 586, 2),
	(18458, 14, '1812202', 576, 1),
	(18459, 14, '1812207', 574, 1),
	(18460, 14, '1812181', 564, 2),
	(18461, 14, '1812210', 570, 1),
	(18462, 14, '1812197', 589, 1),
	(18463, 14, '1812186', 596, 1),
	(18464, 14, '1812192', 584, 2),
	(18465, 14, '1812193', 564, 2),
	(18466, 14, '1812214', 578, 2),
	(18467, 14, '1812188', 565, 2),
	(18468, 14, '1812212', 574, 1),
	(18469, 14, '1812208', 562, 1),
	(18470, 14, '1812210', 566, 2),
	(18471, 14, '1812185', 565, 2),
	(18472, 14, '1812201', 572, 1),
	(18473, 14, '1812204', 579, 2),
	(18474, 14, '1812213', 574, 1),
	(18475, 14, '1812197', 562, 1),
	(18476, 14, '1812181', 587, 1),
	(18477, 14, '1812195', 585, 2),
	(18478, 14, '1812187', 594, 1),
	(18479, 14, '1812212', 596, 1),
	(18480, 14, '1812202', 586, 2),
	(18481, 14, '1812213', 584, 2),
	(18482, 14, '1812202', 600, 1),
	(18483, 14, '1812204', 593, 1),
	(18484, 14, '1812186', 584, 2),
	(18485, 14, '1812210', 580, 1),
	(18486, 14, '1812190', 564, 1),
	(18487, 14, '1812197', 588, 2),
	(18488, 14, '1812180', 569, 4),
	(18489, 14, '1812196', 568, 1),
	(18490, 14, '1812185', 575, 2),
	(18491, 14, '1812179', 599, 1),
	(18492, 14, '1812202', 570, 1),
	(18493, 14, '1812208', 588, 2),
	(18494, 14, '1812201', 581, 1),
	(18495, 14, '1812187', 574, 1),
	(18496, 14, '1812186', 564, 2),
	(18497, 14, '1812210', 596, 1),
	(18498, 14, '1812180', 573, 2),
	(18499, 14, '1812202', 593, 1),
	(18500, 14, '1812193', 585, 2),
	(18501, 14, '1812204', 592, 2),
	(18502, 14, '1812190', 595, 1),
	(18503, 14, '1812196', 576, 1),
	(18504, 14, '1812197', 577, 2),
	(18505, 14, '1812213', 598, 2),
	(18506, 14, '1812195', 587, 1),
	(18507, 14, '1812188', 584, 2),
	(18508, 14, '1812179', 595, 1),
	(18509, 14, '1812184', 568, 1),
	(18510, 14, '1812192', 590, 2),
	(18511, 14, '1812189', 568, 1),
	(18512, 14, '1812196', 570, 1),
	(18513, 14, '1812210', 600, 1),
	(18514, 14, '1812214', 576, 1),
	(18515, 14, '1812193', 574, 1),
	(18516, 14, '1812186', 563, 1),
	(18517, 14, '1812185', 578, 2),
	(18518, 14, '1812188', 570, 1),
	(18519, 14, '1812181', 589, 1),
	(18520, 14, '1812208', 565, 1),
	(18521, 14, '1812192', 566, 2),
	(18522, 14, '1812180', 579, 2),
	(18523, 14, '1812197', 575, 2),
	(18524, 14, '1812212', 564, 2),
	(18525, 14, '1812213', 586, 2),
	(18526, 14, '1812202', 565, 1),
	(18527, 14, '1812189', 598, 2),
	(18528, 14, '1812196', 580, 1),
	(18529, 14, '1812182', 564, 1),
	(18530, 14, '1812179', 596, 2),
	(18531, 14, '1812207', 567, 1),
	(18532, 14, '1812210', 597, 2),
	(18533, 14, '1812208', 596, 1),
	(18534, 14, '1812201', 561, 2),
	(18535, 14, '1812185', 593, 1),
	(18536, 14, '1812196', 566, 2),
	(18537, 14, '1812188', 583, 2),
	(18538, 14, '1812214', 566, 2),
	(18539, 14, '1812213', 562, 1),
	(18540, 14, '1812189', 595, 1),
	(18541, 14, '1812201', 573, 2),
	(18542, 14, '1812212', 597, 1),
	(18543, 14, '1812177', 597, 1),
	(18544, 14, '1812186', 566, 2),
	(18545, 14, '1812192', 594, 2),
	(18546, 14, '1812187', 590, 1),
	(18547, 14, '1812195', 597, 2),
	(18548, 14, '1812208', 561, 1),
	(18549, 14, '1812202', 571, 1),
	(18550, 14, '1812196', 589, 2),
	(18551, 14, '1812184', 579, 1),
	(18552, 14, '1812178', 594, 1),
	(18553, 14, '1812180', 598, 2),
	(18554, 14, '1812185', 588, 2),
	(18555, 14, '1812212', 563, 1),
	(18556, 14, '1812197', 566, 2),
	(18557, 14, '1812210', 572, 1),
	(18558, 14, '1812207', 592, 2),
	(18559, 14, '1812193', 581, 1),
	(18560, 14, '1812201', 582, 1),
	(18561, 14, '1812190', 579, 2),
	(18562, 14, '1812184', 573, 2),
	(18563, 14, '1812189', 600, 1),
	(18564, 14, '1812213', 582, 1),
	(18565, 14, '1812208', 595, 1),
	(18566, 14, '1812214', 599, 1),
	(18567, 14, '1812205', 593, 1),
	(18568, 14, '1812182', 588, 2),
	(18569, 14, '1812181', 597, 2),
	(18570, 14, '1812184', 570, 1),
	(18571, 14, '1812212', 593, 1),
	(18572, 14, '1812204', 578, 2),
	(18573, 14, '1812186', 575, 2),
	(18574, 14, '1812192', 575, 2),
	(18575, 14, '1812190', 565, 1),
	(18576, 14, '1812213', 593, 1),
	(18577, 14, '1812180', 570, 1),
	(18578, 14, '1812201', 576, 1),
	(18579, 14, '1812207', 598, 2),
	(18580, 14, '1812202', 594, 1),
	(18581, 14, '1812208', 589, 1),
	(18582, 14, '1812210', 575, 2),
	(18583, 14, '1812177', 589, 1),
	(18584, 14, '1812196', 600, 1),
	(18585, 14, '1812212', 584, 2),
	(18586, 14, '1812182', 575, 2),
	(18587, 14, '1812181', 562, 1),
	(18588, 14, '1812178', 593, 2),
	(18589, 14, '1812193', 561, 1),
	(18590, 14, '1812186', 565, 1),
	(18591, 14, '1812192', 597, 2),
	(18592, 14, '1812184', 564, 2),
	(18593, 14, '1812195', 576, 1),
	(18594, 14, '1812213', 583, 1),
	(18595, 14, '1812180', 586, 2),
	(18596, 14, '1812188', 568, 1),
	(18597, 14, '1812208', 584, 1),
	(18598, 14, '1812214', 580, 1),
	(18599, 14, '1812189', 576, 1),
	(18600, 14, '1812187', 575, 2),
	(18601, 14, '1812196', 584, 2),
	(18602, 14, '1812182', 561, 1),
	(18603, 14, '1812197', 594, 2),
	(18604, 14, '1812212', 585, 2),
	(18605, 14, '1812185', 576, 2),
	(18606, 14, '1812213', 573, 2),
	(18607, 14, '1812190', 572, 1),
	(18608, 14, '1812181', 565, 2),
	(18609, 14, '1812186', 600, 1),
	(18610, 14, '1812184', 593, 1),
	(18611, 14, '1812208', 573, 2),
	(18612, 14, '1812195', 564, 2),
	(18613, 14, '1812193', 597, 1),
	(18614, 14, '1812190', 598, 2),
	(18615, 14, '1812204', 586, 2),
	(18616, 14, '1812210', 576, 1),
	(18617, 14, '1812205', 590, 2),
	(18618, 14, '1812192', 574, 1),
	(18619, 14, '1812207', 576, 2),
	(18620, 14, '1812197', 582, 2),
	(18621, 14, '1812184', 598, 2),
	(18622, 14, '1812189', 599, 1),
	(18623, 14, '1812208', 566, 1),
	(18624, 14, '1812186', 571, 1),
	(18625, 14, '1812214', 597, 2),
	(18626, 14, '1812182', 566, 2),
	(18627, 14, '1812210', 588, 2),
	(18628, 14, '1812212', 569, 4),
	(18629, 14, '1812201', 579, 1),
	(18630, 14, '1812180', 571, 1),
	(18631, 14, '1812189', 565, 2),
	(18632, 14, '1812190', 563, 1),
	(18633, 14, '1812188', 581, 1),
	(18634, 14, '1812179', 584, 2),
	(18635, 14, '1812192', 580, 2),
	(18636, 14, '1812177', 577, 2),
	(18637, 14, '1812213', 568, 2),
	(18638, 14, '1812193', 584, 2),
	(18639, 14, '1812212', 577, 2),
	(18640, 14, '1812201', 562, 1),
	(18641, 14, '1812202', 568, 3),
	(18642, 14, '1812185', 571, 1),
	(18643, 14, '1812190', 590, 2),
	(18644, 14, '1812184', 595, 1),
	(18645, 14, '1812186', 593, 1),
	(18646, 14, '1812214', 575, 2),
	(18647, 14, '1812213', 570, 1),
	(18648, 14, '1812195', 590, 1),
	(18649, 14, '1812185', 563, 1),
	(18650, 14, '1812207', 596, 1),
	(18651, 14, '1812190', 586, 2),
	(18652, 14, '1812210', 595, 1),
	(18653, 14, '1812202', 561, 2),
	(18654, 14, '1812208', 571, 1),
	(18655, 14, '1812179', 578, 2),
	(18656, 14, '1812184', 561, 1),
	(18657, 14, '1812192', 592, 2),
	(18658, 14, '1812197', 584, 2),
	(18659, 14, '1812196', 571, 2),
	(18660, 14, '1812190', 570, 1),
	(18661, 14, '1812181', 590, 2),
	(18662, 14, '1812212', 588, 2),
	(18663, 14, '1812189', 591, 2),
	(18664, 14, '1812205', 589, 1),
	(18665, 14, '1812182', 592, 2),
	(18666, 14, '1812193', 565, 2),
	(18667, 14, '1812179', 566, 2),
	(18668, 14, '1812214', 592, 2),
	(18669, 14, '1812212', 578, 2),
	(18670, 14, '1812192', 582, 1),
	(18671, 14, '1812210', 571, 2),
	(18672, 14, '1812208', 593, 1),
	(18673, 14, '1812197', 598, 2),
	(18674, 14, '1812182', 563, 1),
	(18675, 14, '1812190', 583, 1),
	(18676, 14, '1812178', 582, 1),
	(18677, 14, '1812204', 568, 2),
	(18678, 14, '1812213', 572, 2),
	(18679, 14, '1812187', 584, 2),
	(18680, 14, '1812186', 581, 1),
	(18681, 14, '1812184', 578, 2),
	(18682, 14, '1812195', 592, 2),
	(18683, 14, '1812201', 590, 1),
	(18684, 14, '1812212', 587, 1),
	(18685, 14, '1812202', 564, 2),
	(18686, 14, '1812210', 599, 1),
	(18687, 14, '1812214', 586, 2),
	(18688, 14, '1812213', 599, 1),
	(18689, 14, '1812193', 592, 2),
	(18690, 14, '1812187', 564, 2),
	(18691, 14, '1812192', 591, 1),
	(18692, 14, '1812212', 562, 1),
	(18693, 14, '1812182', 595, 1),
	(18694, 14, '1812201', 591, 2),
	(18695, 14, '1812190', 566, 2),
	(18696, 14, '1812210', 594, 2),
	(18697, 14, '1812177', 600, 1),
	(18698, 14, '1812188', 587, 1),
	(18699, 14, '1812207', 589, 1),
	(18700, 14, '1812197', 563, 1),
	(18701, 14, '1812214', 579, 1),
	(18702, 14, '1812202', 578, 2),
	(18703, 14, '1812205', 597, 2),
	(18704, 14, '1812180', 600, 1),
	(18705, 14, '1812204', 575, 2),
	(18706, 14, '1812183', 588, 2),
	(18707, 14, '1812210', 562, 1),
	(18708, 14, '1812212', 598, 2),
	(18709, 14, '1812195', 569, 3),
	(18710, 14, '1812189', 572, 1),
	(18711, 14, '1812177', 588, 2),
	(18712, 14, '1812185', 582, 2),
	(18713, 14, '1812208', 582, 2),
	(18714, 14, '1812189', 577, 2),
	(18715, 14, '1812207', 565, 1),
	(18716, 14, '1812197', 565, 2),
	(18717, 14, '1812192', 564, 2),
	(18718, 14, '1812195', 561, 1),
	(18719, 14, '1812214', 598, 2),
	(18720, 14, '1812193', 563, 1),
	(18721, 14, '1812210', 591, 1),
	(18722, 14, '1812204', 595, 1),
	(18723, 14, '1812213', 589, 1),
	(18724, 14, '1812186', 579, 2),
	(18725, 14, '1812208', 579, 1),
	(18726, 14, '1812205', 596, 2),
	(18727, 14, '1812202', 581, 1),
	(18728, 14, '1812181', 561, 1),
	(18729, 14, '1812192', 578, 2),
	(18730, 14, '1812190', 581, 1),
	(18731, 14, '1812183', 562, 1),
	(18732, 14, '1812207', 597, 1),
	(18733, 14, '1812189', 571, 1),
	(18734, 14, '1812183', 599, 1),
	(18735, 14, '1812178', 589, 1),
	(18736, 14, '1812185', 574, 1),
	(18737, 14, '1812187', 592, 2),
	(18738, 14, '1812183', 598, 2),
	(18739, 14, '1812202', 562, 1),
	(18740, 14, '1812180', 582, 2),
	(18741, 14, '1812181', 596, 1),
	(18742, 14, '1812183', 600, 1),
	(18743, 14, '1812184', 567, 3),
	(18744, 14, '1812189', 583, 2),
	(18745, 14, '1812210', 567, 3),
	(18746, 14, '1812213', 563, 2),
	(18747, 14, '1812178', 586, 2),
	(18748, 14, '1812181', 577, 2),
	(18749, 14, '1812190', 592, 1),
	(18750, 14, '1812202', 577, 2),
	(18751, 14, '1812186', 567, 3),
	(18752, 14, '1812197', 570, 2),
	(18753, 14, '1812207', 593, 1),
	(18754, 14, '1812183', 589, 2),
	(18755, 14, '1812201', 594, 2),
	(18756, 14, '1812183', 570, 1),
	(18757, 14, '1812187', 597, 1),
	(18758, 14, '1812212', 581, 1),
	(18759, 14, '1812182', 565, 2),
	(18760, 14, '1812183', 575, 2),
	(18761, 14, '1812210', 582, 1),
	(18762, 14, '1812196', 563, 1),
	(18763, 14, '1812188', 600, 1),
	(18764, 14, '1812185', 589, 1),
	(18765, 14, '1812184', 588, 2),
	(18766, 14, '1812212', 586, 2),
	(18767, 14, '1812207', 595, 1),
	(18768, 14, '1812208', 575, 2),
	(18769, 14, '1812214', 567, 3),
	(18770, 14, '1812180', 587, 1),
	(18771, 14, '1812202', 582, 1),
	(18772, 14, '1812195', 581, 2),
	(18773, 14, '1812181', 570, 1),
	(18774, 14, '1812193', 590, 2),
	(18775, 14, '1812190', 567, 3),
	(18776, 14, '1812186', 599, 1),
	(18777, 14, '1812196', 596, 2),
	(18778, 14, '1812179', 571, 2),
	(18779, 14, '1812192', 589, 1),
	(18780, 14, '1812210', 586, 2),
	(18781, 14, '1812197', 592, 2),
	(18782, 14, '1812201', 599, 1),
	(18783, 14, '1812179', 593, 1),
	(18784, 14, '1812192', 570, 1),
	(18785, 14, '1812185', 592, 2),
	(18786, 14, '1812210', 563, 1),
	(18787, 14, '1812212', 591, 2),
	(18788, 14, '1812182', 582, 2),
	(18789, 14, '1812187', 571, 1),
	(18790, 14, '1812186', 590, 2),
	(18791, 14, '1812213', 580, 2),
	(18792, 14, '1812208', 587, 1),
	(18793, 14, '1812179', 564, 2),
	(18794, 14, '1812212', 570, 1),
	(18795, 14, '1812196', 574, 1),
	(18796, 14, '1812192', 577, 2),
	(18797, 14, '1812195', 565, 1),
	(18798, 14, '1812208', 583, 1),
	(18799, 14, '1812210', 585, 1),
	(18800, 14, '1812179', 573, 2),
	(18801, 14, '1812212', 573, 2),
	(18802, 14, '1812202', 588, 2),
	(18803, 14, '1812184', 580, 2),
	(18804, 14, '1812213', 600, 1),
	(18805, 14, '1812189', 588, 2),
	(18806, 14, '1812205', 574, 1),
	(18807, 14, '1812208', 599, 1),
	(18808, 14, '1812192', 563, 1),
	(18809, 14, '1812182', 572, 1),
	(18810, 14, '1812189', 573, 2),
	(18811, 14, '1812214', 590, 2),
	(18812, 14, '1812212', 599, 1),
	(18813, 14, '1812180', 592, 2),
	(18814, 14, '1812196', 592, 2),
	(18815, 14, '1812185', 581, 1),
	(18816, 14, '1812186', 580, 2),
	(18817, 14, '1812201', 584, 2),
	(18818, 14, '1812210', 568, 2),
	(18819, 14, '1812181', 575, 2),
	(18820, 14, '1812178', 568, 2),
	(18821, 14, '1812182', 570, 1),
	(18822, 14, '1812207', 568, 2),
	(18823, 14, '1812204', 581, 2),
	(18824, 14, '1812183', 573, 2),
	(18825, 14, '1812212', 582, 2),
	(18826, 14, '1812195', 577, 2),
	(18827, 14, '1812210', 573, 2),
	(18828, 14, '1812213', 592, 2),
	(18829, 14, '1812197', 576, 1),
	(18830, 14, '1812184', 587, 1),
	(18831, 14, '1812188', 589, 1),
	(18832, 14, '1812185', 572, 1),
	(18833, 14, '1812179', 583, 2),
	(18834, 14, '1812177', 568, 2),
	(18835, 14, '1812214', 584, 2),
	(18836, 14, '1812183', 566, 2),
	(18837, 14, '1812182', 576, 1),
	(18838, 14, '1812212', 600, 1),
	(18839, 14, '1812179', 563, 1),
	(18840, 14, '1812188', 591, 2),
	(18841, 14, '1812210', 565, 2),
	(18842, 14, '1812183', 577, 2),
	(18843, 14, '1812186', 572, 1),
	(18844, 14, '1812197', 561, 1),
	(18845, 14, '1812179', 561, 1),
	(18846, 14, '1812192', 587, 1),
	(18847, 14, '1812207', 586, 2),
	(18848, 14, '1812178', 590, 2),
	(18849, 14, '1812201', 585, 2),
	(18850, 14, '1812177', 562, 1),
	(18851, 14, '1812185', 599, 1),
	(18852, 14, '1812213', 594, 2),
	(18853, 14, '1812212', 579, 2),
	(18854, 14, '1812183', 574, 2),
	(18855, 14, '1812187', 565, 2),
	(18856, 14, '1812204', 599, 1),
	(18857, 14, '1812179', 600, 1),
	(18858, 14, '1812183', 565, 1),
	(18859, 14, '1812190', 578, 1),
	(18860, 14, '1812214', 594, 2),
	(18861, 14, '1812183', 564, 2),
	(18862, 14, '1812183', 596, 1),
	(18863, 14, '1812183', 594, 1),
	(18864, 14, '1812193', 568, 3),
	(18865, 14, '1812178', 572, 1),
	(18866, 14, '1812183', 593, 1),
	(18867, 14, '1812184', 597, 2),
	(18868, 14, '1812183', 576, 1),
	(18869, 14, '1812196', 594, 2),
	(18870, 14, '1812212', 566, 2),
	(18871, 14, '1812202', 566, 2),
	(18872, 14, '1812180', 594, 2),
	(18873, 14, '1812210', 574, 1),
	(18874, 14, '1812187', 593, 1),
	(18875, 14, '1812186', 587, 1),
	(18876, 14, '1812183', 581, 2),
	(18877, 14, '1812178', 573, 2),
	(18878, 14, '1812189', 580, 1),
	(18879, 14, '1812201', 574, 1),
	(18880, 14, '1812214', 577, 2),
	(18881, 14, '1812210', 561, 1),
	(18882, 14, '1812195', 579, 1),
	(18883, 14, '1812181', 576, 1),
	(18884, 14, '1812179', 590, 2),
	(18885, 14, '1812190', 599, 1),
	(18886, 14, '1812183', 595, 1),
	(18887, 14, '1812208', 590, 2),
	(18888, 14, '1812189', 592, 2),
	(18889, 14, '1812196', 583, 2),
	(18890, 14, '1812193', 573, 2),
	(18891, 14, '1812192', 585, 2),
	(18892, 14, '1812212', 565, 2),
	(18893, 14, '1812185', 579, 2),
	(18894, 14, '1812213', 585, 2),
	(18895, 14, '1812180', 564, 2),
	(18896, 14, '1812202', 583, 2),
	(18897, 14, '1812178', 587, 1),
	(18898, 14, '1812208', 577, 1),
	(18899, 14, '1812210', 579, 1),
	(18900, 14, '1812182', 600, 1),
	(18901, 14, '1812187', 580, 1),
	(18902, 14, '1812188', 571, 1),
	(18903, 14, '1812207', 571, 1),
	(18904, 14, '1812186', 576, 2),
	(18905, 14, '1812189', 562, 1),
	(18906, 14, '1812180', 572, 1),
	(18907, 14, '1812201', 592, 2),
	(18908, 14, '1812214', 591, 2),
	(18909, 14, '1812190', 594, 2),
	(18910, 14, '1812185', 564, 2),
	(18911, 14, '1812187', 596, 1),
	(18912, 14, '1812202', 590, 2),
	(18913, 14, '1812195', 567, 2),
	(18914, 14, '1812212', 576, 1),
	(18915, 14, '1812181', 572, 1),
	(18916, 14, '1812192', 586, 2),
	(18917, 14, '1812196', 569, 4),
	(18918, 14, '1812189', 585, 2),
	(18919, 14, '1812184', 592, 2),
	(18920, 14, '1812213', 588, 2),
	(18921, 14, '1812180', 561, 1),
	(18922, 14, '1812190', 600, 1),
	(18923, 14, '1812207', 582, 2),
	(18924, 14, '1812210', 592, 2),
	(18925, 14, '1812181', 586, 2),
	(18926, 14, '1812178', 566, 2),
	(18927, 14, '1812197', 586, 2),
	(18928, 14, '1812185', 585, 2),
	(18929, 14, '1812208', 581, 2),
	(18930, 14, '1812190', 596, 1),
	(18931, 14, '1812196', 585, 2),
	(18932, 14, '1812184', 583, 1),
	(18933, 14, '1812188', 576, 1),
	(18934, 14, '1812189', 561, 1),
	(18935, 14, '1812190', 577, 2),
	(18936, 14, '1812212', 571, 1),
	(18937, 14, '1812185', 583, 2),
	(18938, 14, '1812192', 571, 1),
	(18939, 14, '1812213', 596, 1),
	(18940, 14, '1812202', 574, 1),
	(18941, 14, '1812201', 598, 2),
	(18942, 14, '1812193', 582, 1),
	(18943, 14, '1812207', 563, 1),
	(18944, 14, '1812177', 572, 1),
	(18945, 14, '1812208', 591, 1),
	(18946, 14, '1812179', 582, 2),
	(18947, 14, '1812182', 594, 2),
	(18948, 14, '1812192', 561, 1),
	(18949, 14, '1812181', 593, 1),
	(18950, 14, '1812212', 589, 1),
	(18951, 14, '1812177', 570, 1),
	(18952, 14, '1812214', 564, 2),
	(18953, 14, '1812180', 584, 1),
	(18954, 14, '1812185', 598, 2),
	(18955, 14, '1812207', 587, 1),
	(18956, 14, '1812190', 561, 2),
	(18957, 14, '1812192', 562, 1),
	(18958, 14, '1812186', 597, 2),
	(18959, 14, '1812193', 598, 2),
	(18960, 14, '1812179', 576, 1),
	(18961, 14, '1812213', 576, 2),
	(18962, 14, '1812184', 566, 2),
	(18963, 14, '1812208', 564, 2),
	(18964, 14, '1812202', 592, 1),
	(18965, 14, '1812207', 570, 1),
	(18966, 14, '1812180', 563, 1),
	(18967, 14, '1812196', 562, 1),
	(18968, 14, '1812195', 574, 1),
	(18969, 14, '1812184', 572, 1),
	(18970, 14, '1812208', 592, 1),
	(18971, 14, '1812197', 569, 4),
	(18972, 14, '1812186', 583, 2),
	(18973, 14, '1812187', 589, 1),
	(18974, 14, '1812207', 564, 2),
	(18975, 14, '1812188', 579, 1),
	(18976, 14, '1812204', 589, 1),
	(18977, 14, '1812196', 565, 2),
	(18978, 14, '1812189', 575, 2),
	(18979, 14, '1812212', 575, 2),
	(18980, 14, '1812185', 597, 1),
	(18981, 14, '1812183', 561, 1),
	(18982, 14, '1812189', 570, 1),
	(18983, 14, '1812201', 568, 2),
	(18984, 14, '1812210', 569, 4),
	(18985, 14, '1812208', 572, 1),
	(18986, 14, '1812212', 561, 1),
	(18987, 14, '1812185', 566, 2),
	(18988, 14, '1812182', 569, 4),
	(18989, 14, '1812180', 588, 2),
	(18990, 14, '1812192', 568, 2),
	(18991, 14, '1812193', 594, 1),
	(18992, 14, '1812190', 571, 1),
	(18993, 14, '1812188', 582, 2),
	(18994, 14, '1812179', 569, 4),
	(18995, 14, '1812195', 571, 1),
	(18996, 14, '1812186', 592, 2),
	(18997, 14, '1812201', 570, 1),
	(18998, 14, '1812212', 580, 2),
	(18999, 14, '1812204', 566, 2),
	(19000, 14, '1812210', 590, 2),
	(19001, 14, '1812205', 584, 1),
	(19002, 14, '1812187', 569, 4),
	(19003, 14, '1812192', 600, 1),
	(19004, 14, '1812213', 566, 2),
	(19005, 14, '1812202', 584, 2),
	(19006, 14, '1812186', 586, 2),
	(19007, 14, '1812184', 569, 4),
	(19008, 14, '1812212', 583, 1),
	(19009, 14, '1812192', 573, 2),
	(19010, 14, '1812188', 593, 1),
	(19011, 14, '1812207', 594, 2),
	(19012, 14, '1812210', 577, 2),
	(19013, 14, '1812187', 587, 1),
	(19014, 14, '1812208', 569, 1),
	(19015, 14, '1812190', 593, 1),
	(19016, 14, '1812193', 591, 2),
	(19017, 14, '1812181', 566, 2),
	(19018, 14, '1812189', 597, 2),
	(19019, 14, '1812186', 598, 2),
	(19020, 14, '1812187', 566, 2),
	(19021, 14, '1812182', 584, 2),
	(19022, 14, '1812204', 563, 1),
	(19023, 14, '1812189', 596, 1),
	(19024, 14, '1812212', 590, 2),
	(19025, 14, '1812195', 572, 1),
	(19026, 14, '1812202', 563, 1),
	(19027, 14, '1812210', 593, 1),
	(19028, 14, '1812208', 563, 1),
	(19029, 14, '1812192', 579, 2),
	(19030, 14, '1812190', 580, 2),
	(19031, 14, '1812188', 598, 2),
	(19032, 14, '1812185', 569, 4),
	(19033, 14, '1812210', 583, 1),
	(19034, 14, '1812179', 587, 1),
	(19035, 14, '1812202', 595, 1),
	(19036, 14, '1812201', 580, 1),
	(19037, 14, '1812213', 571, 1),
	(19038, 14, '1812186', 594, 2),
	(19039, 14, '1812212', 572, 1),
	(19040, 14, '1812181', 595, 1),
	(19041, 14, '1812190', 584, 2),
	(19042, 14, '1812188', 590, 2),
	(19043, 14, '1812177', 581, 1),
	(19044, 14, '1812185', 587, 1),
	(19045, 14, '1812197', 568, 2),
	(19046, 14, '1812210', 598, 2),
	(19047, 14, '1812195', 593, 1),
	(19048, 14, '1812186', 561, 1),
	(19049, 14, '1812184', 585, 2),
	(19050, 14, '1812204', 596, 1),
	(19051, 14, '1812214', 568, 2),
	(19052, 14, '1812208', 580, 2),
	(19053, 14, '1812207', 569, 4),
	(19054, 14, '1812177', 563, 1),
	(19055, 14, '1812185', 590, 2),
	(19056, 14, '1812190', 573, 2),
	(19057, 14, '1812213', 579, 1),
	(19058, 14, '1812179', 592, 2),
	(19059, 14, '1812196', 590, 2),
	(19060, 14, '1812207', 562, 1),
	(19061, 14, '1812208', 568, 1),
	(19062, 14, '1812177', 591, 2),
	(19063, 14, '1812178', 581, 1),
	(19064, 14, '1812197', 578, 2),
	(19065, 14, '1812201', 583, 2),
	(19066, 14, '1812192', 567, 3),
	(19067, 14, '1812212', 592, 2),
	(19068, 14, '1812208', 570, 1),
	(19069, 14, '1812180', 566, 2),
	(19070, 14, '1812179', 579, 2),
	(19071, 14, '1812187', 579, 2),
	(19072, 14, '1812210', 589, 1),
	(19073, 14, '1812186', 569, 4),
	(19074, 14, '1812177', 564, 2),
	(19075, 14, '1812190', 569, 4),
	(19076, 14, '1812182', 596, 1),
	(19077, 14, '1812204', 584, 2),
	(19078, 14, '1812202', 580, 1),
	(19079, 14, '1812205', 566, 2),
	(19080, 14, '1812213', 591, 2),
	(19081, 14, '1812201', 595, 1),
	(19082, 14, '1812181', 578, 2),
	(19083, 14, '1812207', 584, 1),
	(19084, 14, '1812196', 575, 2),
	(19085, 14, '1812208', 600, 1),
	(19086, 14, '1812180', 591, 2),
	(19087, 14, '1812210', 578, 2),
	(19088, 14, '1812187', 562, 1),
	(19089, 14, '1812197', 580, 2),
	(19090, 14, '1812195', 566, 2),
	(19091, 14, '1812188', 569, 4),
	(19092, 14, '1812189', 589, 1),
	(19093, 14, '1812202', 575, 2),
	(19094, 14, '1812186', 578, 2),
	(19095, 14, '1812213', 569, 3),
	(19096, 14, '1812187', 591, 1),
	(19097, 14, '1812185', 580, 2),
	(19098, 14, '1812214', 587, 1),
	(19099, 14, '1812201', 593, 1),
	(19100, 14, '1812208', 597, 1),
	(19101, 14, '1812182', 587, 1),
	(19102, 14, '1812207', 578, 2),
	(19103, 14, '1812192', 593, 1),
	(19104, 14, '1812195', 562, 1),
	(19105, 14, '1812202', 591, 1),
	(19106, 14, '1812187', 583, 1),
	(19107, 14, '1812212', 594, 2),
	(19108, 14, '1812181', 583, 2),
	(19109, 14, '1812184', 590, 2),
	(19110, 14, '1812178', 565, 2),
	(19111, 14, '1812192', 598, 2),
	(19112, 14, '1812190', 568, 3),
	(19113, 14, '1812186', 574, 1),
	(19114, 14, '1812182', 591, 2),
	(19115, 14, '1812193', 588, 2),
	(19116, 14, '1812207', 566, 2),
	(19117, 14, '1812197', 564, 2),
	(19118, 14, '1812192', 583, 1),
	(19119, 14, '1812180', 578, 2),
	(19120, 14, '1812196', 561, 2),
	(19121, 14, '1812187', 585, 1),
	(19122, 14, '1812188', 597, 2),
	(19123, 14, '1812189', 593, 1),
	(19124, 14, '1812212', 567, 3),
	(19125, 14, '1812213', 561, 1),
	(19126, 14, '1812202', 579, 1),
	(19127, 14, '1812195', 570, 1),
	(19128, 14, '1812208', 585, 1),
	(19129, 14, '1812177', 590, 2),
	(19130, 14, '1812210', 581, 1),
	(19131, 14, '1812186', 591, 2),
	(19132, 14, '1812197', 591, 2),
	(19133, 14, '1812196', 598, 2),
	(19134, 14, '1812187', 595, 1),
	(19135, 14, '1812182', 597, 1),
	(19136, 14, '1812190', 575, 2),
	(19137, 14, '1812188', 599, 1),
	(19138, 14, '1812187', 573, 2),
	(19139, 14, '1812201', 597, 1),
	(19140, 14, '1812214', 589, 1),
	(19141, 14, '1812192', 569, 4),
	(19142, 14, '1812204', 590, 2),
	(19143, 14, '1812181', 594, 2),
	(19144, 14, '1812184', 563, 1),
	(19145, 14, '1812196', 597, 2),
	(19146, 14, '1812213', 597, 1),
	(19147, 14, '1812210', 584, 2),
	(19148, 14, '1812208', 594, 1),
	(19149, 14, '1812179', 598, 2),
	(19150, 14, '1812188', 575, 2),
	(19151, 14, '1812190', 588, 2),
	(19152, 14, '1812178', 567, 3),
	(19153, 14, '1812207', 599, 1),
	(19154, 14, '1812214', 595, 1),
	(19155, 14, '1812189', 574, 1),
	(19156, 14, '1812195', 578, 2),
	(19157, 14, '1812201', 596, 2),
	(19158, 14, '1812197', 587, 1),
	(19159, 14, '1812202', 572, 2),
	(19160, 14, '1812212', 595, 1),
	(19161, 14, '1812190', 587, 1),
	(19162, 14, '1812192', 599, 1),
	(19163, 14, '1812193', 589, 1),
	(19164, 14, '1812188', 588, 1),
	(19165, 14, '1812185', 568, 2),
	(19166, 14, '1812204', 582, 2),
	(19167, 14, '1812186', 568, 2),
	(19168, 14, '1812214', 572, 1),
	(19169, 14, '1812208', 578, 2),
	(19170, 14, '1812197', 579, 2),
	(19171, 14, '1812201', 563, 2),
	(19172, 14, '1812195', 582, 2),
	(19173, 14, '1812184', 571, 1),
	(19174, 14, '1812182', 578, 2),
	(19175, 14, '1812213', 581, 2),
	(19176, 14, '1812208', 598, 2),
	(19177, 14, '1812205', 581, 1),
	(19178, 14, '1812179', 574, 1),
	(19179, 14, '1812192', 565, 2),
	(19180, 14, '1812180', 589, 1),
	(19181, 14, '1812185', 584, 1),
	(19182, 14, '1812189', 581, 1),
	(19183, 14, '1812207', 579, 1),
	(19184, 14, '1812185', 577, 2),
	(19185, 14, '1812178', 571, 1),
	(19186, 14, '1812181', 581, 1),
	(19187, 14, '1812180', 585, 2),
	(19188, 14, '1812177', 574, 1),
	(19189, 14, '1812208', 576, 1),
	(19190, 14, '1812213', 595, 1),
	(19191, 14, '1812179', 597, 2),
	(19192, 14, '1812192', 595, 1),
	(19193, 14, '1812189', 590, 2),
	(19194, 14, '1812188', 561, 1),
	(19195, 14, '1812201', 571, 1),
	(19196, 14, '1812190', 597, 2),
	(19197, 14, '1812178', 561, 1),
	(19198, 14, '1812187', 576, 1),
	(19199, 14, '1812196', 582, 1),
	(19200, 14, '1812184', 582, 1),
	(19201, 14, '1812181', 582, 1),
	(19202, 14, '1812180', 574, 1),
	(19203, 14, '1812188', 595, 1),
	(19204, 14, '1812196', 573, 2),
	(19205, 14, '1812190', 589, 1),
	(19206, 14, '1812182', 593, 1),
	(19207, 14, '1812193', 583, 2),
	(19208, 14, '1812177', 585, 2),
	(19209, 14, '1812192', 572, 1),
	(19210, 14, '1812202', 569, 2),
	(19211, 14, '1812208', 567, 3),
	(19212, 14, '1812178', 598, 2),
	(19213, 14, '1812185', 600, 1),
	(19214, 14, '1812195', 588, 2),
	(19215, 14, '1812196', 586, 2),
	(19216, 14, '1812187', 572, 1),
	(19217, 14, '1812204', 571, 1),
	(19218, 14, '1812179', 570, 1),
	(19219, 14, '1812213', 567, 3),
	(19220, 14, '1812202', 599, 1),
	(19221, 14, '1812190', 576, 1),
	(19222, 14, '1812185', 586, 2),
	(19223, 14, '1812196', 587, 1),
	(19224, 14, '1812186', 585, 2),
	(19225, 14, '1812192', 596, 2),
	(19226, 14, '1812179', 562, 1),
	(19227, 14, '1812195', 598, 2),
	(19228, 14, '1812188', 574, 1),
	(19229, 14, '1812184', 594, 2),
	(19230, 14, '1812193', 580, 2),
	(19231, 14, '1812207', 581, 1),
	(19232, 14, '1812197', 590, 2),
	(19233, 14, '1812196', 572, 1),
	(19234, 14, '1812185', 596, 1),
	(19235, 14, '1812189', 594, 2),
	(19236, 14, '1812202', 587, 1),
	(19237, 14, '1812190', 582, 1),
	(19238, 14, '1812213', 564, 2),
	(19239, 14, '1812207', 577, 2),
	(19240, 14, '1812214', 583, 2),
	(19241, 14, '1812184', 565, 2),
	(19242, 14, '1812204', 600, 1),
	(19243, 14, '1812196', 595, 1),
	(19244, 14, '1812193', 593, 1),
	(19245, 14, '1812213', 577, 2),
	(19246, 14, '1812177', 593, 1),
	(19247, 14, '1812179', 585, 2),
	(19248, 14, '1812186', 589, 1),
	(19249, 14, '1812188', 596, 1),
	(19250, 14, '1812202', 596, 1),
	(19251, 14, '1812182', 571, 1),
	(19252, 14, '1812205', 569, 4),
	(19253, 14, '1812180', 597, 2),
	(19254, 14, '1812190', 585, 2),
	(19255, 14, '1812197', 574, 1),
	(19256, 14, '1812186', 582, 2),
	(19257, 14, '1812184', 600, 1),
	(19258, 14, '1812207', 561, 2),
	(19259, 14, '1812195', 580, 1),
	(19260, 14, '1812183', 597, 1),
	(19261, 14, '1812214', 562, 1),
	(19262, 14, '1812189', 578, 2),
	(19263, 14, '1812190', 562, 1),
	(19264, 14, '1812182', 586, 2),
	(19265, 14, '1812184', 596, 1),
	(19266, 14, '1812192', 581, 1),
	(19267, 14, '1812202', 598, 2),
	(19268, 14, '1812185', 567, 3),
	(19269, 14, '1812189', 582, 1),
	(19270, 14, '1812181', 571, 1),
	(19271, 14, '1812193', 600, 1),
	(19272, 14, '1812196', 591, 2),
	(19273, 14, '1812204', 594, 2),
	(19274, 14, '1812188', 578, 2),
	(19275, 14, '1812214', 600, 1),
	(19276, 14, '1812197', 583, 2),
	(19277, 14, '1812195', 594, 1),
	(19278, 14, '1812213', 565, 1),
	(19279, 14, '1812179', 580, 2),
	(19280, 14, '1812180', 565, 2),
	(19281, 14, '1812182', 598, 2),
	(19282, 14, '1812186', 588, 2),
	(19283, 14, '1812187', 568, 2),
	(19284, 14, '1812185', 594, 2),
	(19285, 14, '1812179', 572, 1),
	(19286, 14, '1812193', 571, 2),
	(19287, 14, '1812195', 591, 1),
	(19288, 14, '1812214', 563, 1),
	(19289, 14, '1812207', 575, 2),
	(19290, 14, '1812182', 573, 2),
	(19291, 14, '1812181', 600, 2),
	(19292, 14, '1812185', 561, 1),
	(19293, 14, '1812187', 598, 2),
	(19294, 14, '1812202', 585, 2),
	(19295, 14, '1812213', 590, 2),
	(19296, 14, '1812186', 562, 1),
	(19297, 14, '1812201', 569, 4),
	(19298, 14, '1812214', 588, 2),
	(19299, 14, '1812207', 583, 2),
	(19300, 14, '1812205', 600, 1),
	(19301, 14, '1812188', 567, 3),
	(19302, 14, '1812195', 584, 2),
	(19303, 14, '1812189', 587, 1),
	(19304, 14, '1812181', 591, 1),
	(19305, 14, '1812214', 570, 1),
	(19306, 14, '1812207', 573, 2),
	(19307, 14, '1812213', 578, 2),
	(19308, 14, '1812183', 584, 1),
	(19309, 14, '1812187', 599, 1),
	(19310, 14, '1812202', 573, 2),
	(19311, 14, '1812186', 595, 1),
	(19312, 14, '1812179', 567, 3),
	(19313, 14, '1812184', 581, 1),
	(19314, 14, '1812188', 586, 2),
	(19315, 14, '1812185', 595, 1),
	(19316, 14, '1812193', 577, 2),
	(19317, 14, '1812213', 587, 1),
	(19318, 14, '1812201', 578, 2),
	(19319, 14, '1812197', 581, 1),
	(19320, 14, '1812180', 590, 2),
	(19321, 14, '1812189', 566, 2),
	(19322, 14, '1812179', 588, 2),
	(19323, 14, '1812207', 585, 2),
	(19324, 14, '1812181', 585, 2),
	(19325, 14, '1812193', 572, 1),
	(19326, 14, '1812214', 565, 2),
	(19327, 14, '1812187', 567, 3),
	(19328, 14, '1812179', 591, 2),
	(19329, 14, '1812178', 580, 2),
	(19330, 14, '1812177', 579, 2),
	(19331, 14, '1812187', 577, 1),
	(19332, 14, '1812201', 565, 2),
	(19333, 14, '1812186', 577, 2),
	(19334, 14, '1812180', 583, 2),
	(19335, 14, '1812184', 584, 2),
	(19336, 14, '1812187', 563, 1),
	(19337, 14, '1812204', 564, 2),
	(19338, 14, '1812179', 575, 2),
	(19339, 14, '1812214', 571, 1),
	(19340, 14, '1812178', 564, 2),
	(19341, 14, '1812184', 577, 2),
	(19342, 14, '1812179', 586, 2),
	(19343, 14, '1812207', 591, 2),
	(19344, 14, '1812214', 561, 1),
	(19345, 14, '1812189', 564, 2),
	(19346, 14, '1812204', 591, 2),
	(19347, 14, '1812193', 569, 3),
	(19348, 14, '1812196', 579, 2),
	(19349, 14, '1812180', 562, 1),
	(19350, 14, '1812178', 576, 1),
	(19351, 14, '1812195', 568, 1),
	(19352, 14, '1812214', 573, 2),
	(19353, 14, '1812181', 584, 1),
	(19354, 14, '1812189', 584, 2),
	(19355, 14, '1812207', 600, 1),
	(19356, 14, '1812184', 591, 2),
	(19357, 14, '1812182', 580, 2),
	(19358, 14, '1812177', 599, 1),
	(19359, 14, '1812201', 586, 2),
	(19360, 14, '1812205', 571, 1),
	(19361, 14, '1812177', 584, 2),
	(19362, 14, '1812188', 564, 2),
	(19363, 14, '1812193', 596, 2),
	(19364, 14, '1812204', 587, 1),
	(19365, 14, '1812201', 575, 2),
	(19366, 14, '1812197', 593, 1),
	(19367, 14, '1812188', 572, 1),
	(19368, 14, '1812183', 580, 2),
	(19369, 14, '1812202', 589, 1),
	(19370, 14, '1812188', 577, 2),
	(19371, 14, '1812187', 586, 2),
	(19372, 14, '1812180', 581, 1),
	(19373, 14, '1812179', 589, 1),
	(19374, 14, '1812207', 590, 2),
	(19375, 14, '1812196', 599, 1),
	(19376, 14, '1812184', 575, 2),
	(19377, 14, '1812214', 569, 4),
	(19378, 14, '1812189', 563, 1),
	(19379, 14, '1812184', 562, 1),
	(19380, 14, '1812181', 569, 3),
	(19381, 14, '1812201', 566, 2),
	(19382, 14, '1812204', 576, 2),
	(19383, 14, '1812205', 585, 2),
	(19384, 14, '1812197', 571, 1),
	(19385, 14, '1812183', 583, 1),
	(19386, 14, '1812193', 586, 1),
	(19387, 14, '1812184', 574, 1),
	(19388, 14, '1812207', 580, 1),
	(19389, 14, '1812182', 567, 3),
	(19390, 14, '1812193', 599, 1),
	(19391, 14, '1812180', 567, 3),
	(19392, 14, '1812204', 570, 1),
	(19393, 14, '1812201', 589, 1),
	(19394, 14, '1812181', 574, 1),
	(19395, 14, '1812184', 576, 1),
	(19396, 14, '1812197', 572, 1),
	(19397, 14, '1812214', 581, 2),
	(19398, 14, '1812195', 589, 1),
	(19399, 14, '1812179', 581, 1),
	(19400, 14, '1812205', 561, 1),
	(19401, 14, '1812189', 579, 1),
	(19402, 14, '1812214', 596, 2),
	(19403, 14, '1812183', 563, 1),
	(19404, 14, '1812177', 571, 1),
	(19405, 14, '1812214', 574, 1),
	(19406, 14, '1812195', 563, 1),
	(19407, 14, '1812180', 577, 2),
	(19408, 14, '1812201', 600, 1),
	(19409, 14, '1812179', 594, 2),
	(19410, 14, '1812184', 586, 2),
	(19411, 14, '1812177', 592, 2),
	(19412, 14, '1812204', 598, 2),
	(19413, 14, '1812214', 593, 1),
	(19414, 14, '1812178', 569, 3),
	(19415, 14, '1812201', 587, 1),
	(19416, 14, '1812196', 593, 1),
	(19417, 14, '1812195', 595, 2),
	(19418, 14, '1812205', 595, 1),
	(19419, 14, '1812195', 583, 1),
	(19420, 14, '1812177', 587, 2),
	(19421, 14, '1812204', 585, 2),
	(19422, 14, '1812178', 562, 1),
	(19423, 14, '1812193', 567, 3),
	(19424, 14, '1812183', 571, 1),
	(19425, 14, '1812195', 599, 1),
	(19426, 14, '1812184', 599, 1),
	(19427, 14, '1812187', 588, 2),
	(19428, 14, '1812197', 599, 1),
	(19429, 14, '1812177', 586, 2),
	(19430, 14, '1812195', 596, 1),
	(19431, 14, '1812196', 581, 1),
	(19432, 14, '1812193', 575, 2),
	(19433, 14, '1812197', 573, 2),
	(19434, 14, '1812177', 583, 2),
	(19435, 14, '1812187', 600, 1),
	(19436, 14, '1812195', 600, 1),
	(19437, 14, '1812188', 580, 1),
	(19438, 14, '1812178', 588, 2),
	(19439, 14, '1812189', 586, 2),
	(19440, 14, '1812195', 573, 2),
	(19441, 14, '1812179', 568, 2),
	(19442, 14, '1812201', 567, 3),
	(19443, 14, '1812188', 566, 2),
	(19444, 14, '1812187', 581, 1),
	(19445, 14, '1812178', 579, 2),
	(19446, 14, '1812196', 564, 2),
	(19447, 14, '1812180', 568, 1),
	(19448, 14, '1812184', 589, 1),
	(19449, 14, '1812195', 575, 2),
	(19450, 14, '1812182', 589, 1),
	(19451, 14, '1812180', 576, 1),
	(19452, 14, '1812179', 577, 2),
	(19453, 14, '1812204', 569, 4),
	(19454, 14, '1812181', 568, 2),
	(19455, 14, '1812187', 578, 2),
	(19456, 14, '1812180', 593, 1),
	(19457, 14, '1812188', 594, 2),
	(19458, 14, '1812177', 566, 2),
	(19459, 14, '1812189', 567, 3),
	(19460, 14, '1812205', 576, 1),
	(19461, 14, '1812195', 586, 2),
	(19462, 14, '1812187', 570, 1),
	(19463, 14, '1812177', 567, 3),
	(19464, 14, '1812182', 590, 2),
	(19465, 14, '1812197', 597, 1),
	(19466, 14, '1812183', 591, 2),
	(19467, 14, '1812193', 587, 1),
	(19468, 14, '1812181', 579, 2),
	(19469, 14, '1812182', 577, 2),
	(19470, 14, '1812188', 592, 2),
	(19471, 14, '1812204', 580, 1),
	(19472, 14, '1812180', 599, 1),
	(19473, 14, '1812197', 567, 3),
	(19474, 14, '1812178', 599, 1),
	(19475, 14, '1812180', 595, 1),
	(19476, 14, '1812193', 595, 1),
	(19477, 14, '1812204', 583, 2),
	(19478, 14, '1812201', 564, 2),
	(19479, 14, '1812178', 583, 2),
	(19480, 14, '1812181', 599, 1),
	(19481, 14, '1812180', 596, 2),
	(19482, 14, '1812196', 567, 3),
	(19483, 14, '1812197', 596, 1),
	(19484, 14, '1812201', 577, 2),
	(19485, 14, '1812205', 575, 2),
	(19486, 14, '1812177', 594, 1),
	(19487, 14, '1812181', 580, 2),
	(19488, 14, '1812180', 580, 2),
	(19489, 14, '1812177', 573, 2),
	(19490, 14, '1812204', 574, 1),
	(19491, 14, '1812181', 598, 2),
	(19492, 14, '1812197', 585, 2),
	(19493, 14, '1812178', 592, 2),
	(19494, 14, '1812181', 588, 2),
	(19495, 14, '1812205', 582, 1),
	(19496, 14, '1812181', 573, 2),
	(19497, 14, '1812177', 578, 2),
	(19498, 14, '1812178', 596, 1),
	(19499, 14, '1812204', 561, 1),
	(19500, 14, '1812181', 563, 1),
	(19501, 14, '1812183', 579, 2),
	(19502, 14, '1812188', 585, 2),
	(19503, 14, '1812193', 578, 2),
	(19504, 14, '1812183', 568, 2),
	(19505, 14, '1812204', 577, 2),
	(19506, 14, '1812193', 570, 1),
	(19507, 14, '1812197', 600, 1),
	(19508, 14, '1812183', 572, 1),
	(19509, 14, '1812205', 564, 2),
	(19510, 14, '1812193', 576, 1),
	(19511, 14, '1812181', 592, 2),
	(19512, 14, '1812193', 562, 1),
	(19513, 14, '1812182', 599, 1),
	(19514, 14, '1812181', 567, 3),
	(19515, 14, '1812205', 572, 1),
	(19516, 14, '1812177', 598, 2),
	(19517, 14, '1812204', 565, 1),
	(19518, 14, '1812193', 579, 2),
	(19519, 14, '1812183', 578, 2),
	(19520, 14, '1812177', 565, 2),
	(19521, 14, '1812178', 578, 2),
	(19522, 14, '1812177', 580, 2),
	(19523, 14, '1812178', 577, 2),
	(19524, 14, '1812204', 562, 1),
	(19525, 14, '1812193', 566, 2),
	(19526, 14, '1812182', 581, 1),
	(19527, 14, '1812205', 567, 3),
	(19528, 14, '1812178', 591, 2),
	(19529, 14, '1812182', 583, 2),
	(19530, 14, '1812183', 585, 2),
	(19531, 14, '1812177', 582, 2),
	(19532, 14, '1812183', 569, 1),
	(19533, 14, '1812182', 574, 1),
	(19534, 14, '1812177', 576, 1),
	(19535, 14, '1812182', 585, 2),
	(19536, 14, '1812177', 561, 2),
	(19537, 14, '1812205', 588, 2),
	(19538, 14, '1812178', 574, 1),
	(19539, 14, '1812205', 583, 2),
	(19540, 14, '1812177', 595, 2),
	(19541, 14, '1812205', 594, 2),
	(19542, 14, '1812177', 596, 1),
	(19543, 14, '1812204', 572, 1),
	(19544, 14, '1812183', 582, 2),
	(19545, 14, '1812183', 590, 1),
	(19546, 14, '1812205', 599, 1),
	(19547, 14, '1812183', 567, 1),
	(19548, 14, '1812204', 588, 2),
	(19549, 14, '1812205', 563, 1),
	(19550, 14, '1812205', 577, 2),
	(19551, 14, '1812204', 573, 2),
	(19552, 14, '1812182', 579, 2),
	(19553, 14, '1812178', 585, 2),
	(19554, 14, '1812183', 587, 1),
	(19555, 14, '1812178', 595, 1),
	(19556, 14, '1812183', 586, 2),
	(19557, 14, '1812204', 567, 3),
	(19558, 14, '1812183', 592, 1),
	(19559, 14, '1812182', 568, 3),
	(19560, 14, '1812178', 600, 1),
	(19561, 14, '1812178', 563, 1),
	(19562, 14, '1812205', 578, 2),
	(19563, 14, '1812205', 598, 2),
	(19564, 14, '1812205', 579, 2),
	(19565, 14, '1812205', 573, 2),
	(19566, 14, '1812178', 597, 2),
	(19567, 14, '1812205', 580, 2),
	(19568, 14, '1812178', 570, 1),
	(19569, 14, '1812205', 591, 2),
	(19570, 14, '1812178', 575, 2),
	(19571, 14, '1812205', 592, 2),
	(19572, 14, '1812205', 565, 2),
	(19573, 14, '1812178', 584, 1),
	(19574, 14, '1812205', 562, 1),
	(19575, 14, '1812205', 587, 1),
	(19576, 14, '1812205', 568, 3),
	(19577, 14, '1812205', 570, 1),
	(19578, 14, '1812205', 586, 2),
	(19579, 14, '1812241', 591, 2),
	(19580, 14, '1812241', 564, 2),
	(19581, 14, '1812243', 587, 1),
	(19582, 14, '1812243', 566, 2),
	(19583, 14, '1812335', 596, 1),
	(19584, 14, '1812238', 597, 1),
	(19585, 14, '1812243', 585, 2),
	(19586, 14, '1812230', 568, 3),
	(19587, 14, '1812241', 575, 2),
	(19588, 14, '1812229', 575, 2),
	(19589, 14, '1812230', 600, 1),
	(19590, 14, '1812229', 561, 1),
	(19591, 14, '1812335', 598, 2),
	(19592, 14, '1812215', 567, 3),
	(19593, 14, '1812232', 595, 1),
	(19594, 14, '1812238', 580, 1),
	(19595, 14, '1812238', 570, 1),
	(19596, 14, '1812243', 581, 1),
	(19597, 14, '1812252', 564, 2),
	(19598, 14, '1812252', 588, 2),
	(19599, 14, '1812335', 593, 1),
	(19600, 14, '1812234', 580, 2),
	(19601, 14, '1812252', 573, 2),
	(19602, 14, '1812238', 596, 2),
	(19603, 14, '1812215', 579, 2),
	(19604, 14, '1812220', 576, 1),
	(19605, 14, '1812335', 567, 3),
	(19606, 14, '1812243', 588, 2),
	(19607, 14, '1812230', 598, 2),
	(19608, 14, '1812232', 592, 2),
	(19609, 14, '1812215', 588, 2),
	(19610, 14, '1812243', 594, 2),
	(19611, 14, '1812220', 566, 2),
	(19612, 14, '1812234', 569, 3),
	(19613, 14, '1812241', 600, 1),
	(19614, 14, '1812243', 595, 1),
	(19615, 14, '1812225', 579, 2),
	(19616, 14, '1812241', 579, 2),
	(19617, 14, '1812232', 578, 2),
	(19618, 14, '1812233', 570, 1),
	(19619, 14, '1812241', 573, 2),
	(19620, 14, '1812335', 599, 1),
	(19621, 14, '1812231', 591, 2),
	(19622, 14, '1812228', 575, 2),
	(19623, 14, '1812221', 573, 2),
	(19624, 14, '1812229', 591, 2),
	(19625, 14, '1812244', 582, 2),
	(19626, 14, '1812215', 571, 1),
	(19627, 14, '1812226', 594, 2),
	(19628, 14, '1812231', 585, 2),
	(19629, 14, '1812244', 576, 1),
	(19630, 14, '1812245', 573, 2),
	(19631, 14, '1812231', 587, 1),
	(19632, 14, '1812217', 582, 1),
	(19633, 14, '1812225', 576, 1),
	(19634, 14, '1812215', 570, 1),
	(19635, 14, '1812239', 570, 1),
	(19636, 14, '1812218', 565, 2),
	(19637, 14, '1812252', 570, 2),
	(19638, 14, '1812227', 571, 1),
	(19639, 14, '1812228', 579, 2),
	(19640, 14, '1812251', 576, 1),
	(19641, 14, '1812233', 576, 1),
	(19642, 14, '1812238', 598, 2),
	(19643, 14, '1812244', 597, 2),
	(19644, 14, '1812234', 578, 2),
	(19645, 14, '1812225', 563, 1),
	(19646, 14, '1812229', 598, 2),
	(19647, 14, '1812246', 585, 2),
	(19648, 14, '1812230', 585, 1),
	(19649, 14, '1812250', 579, 1),
	(19650, 14, '1812237', 592, 2),
	(19651, 14, '1812228', 562, 1),
	(19652, 14, '1812252', 598, 2),
	(19653, 14, '1812231', 571, 1),
	(19654, 14, '1812226', 575, 2),
	(19655, 14, '1812224', 579, 2),
	(19656, 14, '1812227', 598, 2),
	(19657, 14, '1812221', 591, 2),
	(19658, 14, '1812238', 582, 1),
	(19659, 14, '1812243', 569, 4),
	(19660, 14, '1812236', 599, 1),
	(19661, 14, '1812217', 570, 1),
	(19662, 14, '1812335', 579, 2),
	(19663, 14, '1812215', 578, 2),
	(19664, 14, '1812242', 567, 3),
	(19665, 14, '1812231', 570, 1),
	(19666, 14, '1812248', 589, 1),
	(19667, 14, '1812224', 583, 2),
	(19668, 14, '1812233', 595, 1),
	(19669, 14, '1812232', 565, 2),
	(19670, 14, '1812245', 583, 2),
	(19671, 14, '1812229', 596, 1),
	(19672, 14, '1812230', 579, 2),
	(19673, 14, '1812243', 564, 2),
	(19674, 14, '1812225', 565, 2),
	(19675, 14, '1812246', 583, 1),
	(19676, 14, '1812242', 595, 1),
	(19677, 14, '1812224', 566, 2),
	(19678, 14, '1812231', 593, 1),
	(19679, 14, '1812227', 582, 1),
	(19680, 14, '1812230', 591, 1),
	(19681, 14, '1812228', 592, 2),
	(19682, 14, '1812247', 573, 2),
	(19683, 14, '1812243', 583, 2),
	(19684, 14, '1812233', 594, 2),
	(19685, 14, '1812250', 592, 1),
	(19686, 14, '1812235', 565, 1),
	(19687, 14, '1812247', 566, 1),
	(19688, 14, '1812229', 594, 1),
	(19689, 14, '1812218', 593, 1),
	(19690, 14, '1812238', 579, 1),
	(19691, 14, '1812221', 592, 2),
	(19692, 14, '1812219', 582, 2),
	(19693, 14, '1812252', 568, 2),
	(19694, 14, '1812231', 592, 2),
	(19695, 14, '1812220', 581, 1),
	(19696, 14, '1812241', 589, 1),
	(19697, 14, '1812237', 599, 1),
	(19698, 14, '1812244', 599, 1),
	(19699, 14, '1812242', 582, 1),
	(19700, 14, '1812228', 565, 1),
	(19701, 14, '1812221', 583, 2),
	(19702, 14, '1812236', 594, 2),
	(19703, 14, '1812239', 576, 2),
	(19704, 14, '1812231', 595, 1),
	(19705, 14, '1812233', 563, 1),
	(19706, 14, '1812227', 592, 2),
	(19707, 14, '1812246', 594, 2),
	(19708, 14, '1812243', 598, 2),
	(19709, 14, '1812242', 561, 1),
	(19710, 14, '1812230', 593, 1),
	(19711, 14, '1812215', 572, 1),
	(19712, 14, '1812335', 571, 1),
	(19713, 14, '1812228', 596, 1),
	(19714, 14, '1812237', 585, 2),
	(19715, 14, '1812232', 598, 2),
	(19716, 14, '1812247', 567, 3),
	(19717, 14, '1812231', 582, 2),
	(19718, 14, '1812233', 564, 2),
	(19719, 14, '1812230', 582, 2),
	(19720, 14, '1812234', 589, 1),
	(19721, 14, '1812219', 580, 1),
	(19722, 14, '1812221', 594, 2),
	(19723, 14, '1812239', 580, 2),
	(19724, 14, '1812243', 586, 2),
	(19725, 14, '1812246', 564, 2),
	(19726, 14, '1812228', 582, 1),
	(19727, 14, '1812242', 584, 2),
	(19728, 14, '1812240', 589, 2),
	(19729, 14, '1812225', 578, 2),
	(19730, 14, '1812235', 561, 1),
	(19731, 14, '1812226', 590, 2),
	(19732, 14, '1812215', 589, 1),
	(19733, 14, '1812233', 566, 2),
	(19734, 14, '1812238', 581, 2),
	(19735, 14, '1812228', 586, 2),
	(19736, 14, '1812235', 582, 1),
	(19737, 14, '1812247', 590, 2),
	(19738, 14, '1812243', 572, 1),
	(19739, 14, '1812217', 571, 1),
	(19740, 14, '1812335', 597, 1),
	(19741, 14, '1812237', 564, 2),
	(19742, 14, '1812251', 567, 3),
	(19743, 14, '1812242', 578, 2),
	(19744, 14, '1812228', 563, 1),
	(19745, 14, '1812225', 583, 1),
	(19746, 14, '1812215', 598, 2),
	(19747, 14, '1812250', 590, 2),
	(19748, 14, '1812230', 594, 1),
	(19749, 14, '1812245', 578, 2),
	(19750, 14, '1812231', 567, 2),
	(19751, 14, '1812238', 572, 1),
	(19752, 14, '1812335', 563, 1),
	(19753, 14, '1812218', 594, 2),
	(19754, 14, '1812224', 568, 2),
	(19755, 14, '1812241', 593, 1),
	(19756, 14, '1812236', 578, 2),
	(19757, 14, '1812246', 588, 2),
	(19758, 14, '1812237', 583, 2),
	(19759, 14, '1812215', 573, 2),
	(19760, 14, '1812234', 574, 1),
	(19761, 14, '1812251', 572, 1),
	(19762, 14, '1812242', 597, 1),
	(19763, 14, '1812224', 561, 1),
	(19764, 14, '1812247', 569, 4),
	(19765, 14, '1812231', 600, 1),
	(19766, 14, '1812230', 563, 1),
	(19767, 14, '1812235', 594, 1),
	(19768, 14, '1812252', 562, 1),
	(19769, 14, '1812228', 571, 1),
	(19770, 14, '1812243', 563, 1),
	(19771, 14, '1812227', 596, 1),
	(19772, 14, '1812247', 561, 1),
	(19773, 14, '1812229', 568, 2),
	(19774, 14, '1812226', 588, 2),
	(19775, 14, '1812335', 568, 1),
	(19776, 14, '1812220', 593, 1),
	(19777, 14, '1812231', 561, 1),
	(19778, 14, '1812234', 566, 2),
	(19779, 14, '1812224', 582, 2),
	(19780, 14, '1812241', 578, 2),
	(19781, 14, '1812242', 599, 1),
	(19782, 14, '1812247', 588, 2),
	(19783, 14, '1812239', 561, 1),
	(19784, 14, '1812238', 568, 3),
	(19785, 14, '1812243', 590, 2),
	(19786, 14, '1812215', 592, 2),
	(19787, 14, '1812219', 587, 1),
	(19788, 14, '1812247', 598, 2),
	(19789, 14, '1812335', 580, 2),
	(19790, 14, '1812243', 565, 1),
	(19791, 14, '1812242', 579, 2),
	(19792, 14, '1812220', 564, 2),
	(19793, 14, '1812250', 597, 1),
	(19794, 14, '1812238', 600, 1),
	(19795, 14, '1812224', 581, 1),
	(19796, 14, '1812236', 593, 1),
	(19797, 14, '1812217', 576, 2),
	(19798, 14, '1812240', 568, 2),
	(19799, 14, '1812243', 591, 2),
	(19800, 14, '1812215', 574, 1),
	(19801, 14, '1812247', 596, 1),
	(19802, 14, '1812234', 600, 1),
	(19803, 14, '1812230', 580, 2),
	(19804, 14, '1812238', 574, 2),
	(19805, 14, '1812229', 580, 1),
	(19806, 14, '1812226', 580, 2),
	(19807, 14, '1812335', 578, 2),
	(19808, 14, '1812236', 566, 2),
	(19809, 14, '1812239', 575, 2),
	(19810, 14, '1812221', 588, 2),
	(19811, 14, '1812246', 596, 1),
	(19812, 14, '1812225', 586, 2),
	(19813, 14, '1812224', 569, 4),
	(19814, 14, '1812243', 596, 2),
	(19815, 14, '1812215', 561, 1),
	(19816, 14, '1812238', 594, 1),
	(19817, 14, '1812229', 574, 1),
	(19818, 14, '1812230', 597, 1),
	(19819, 14, '1812250', 581, 1),
	(19820, 14, '1812220', 561, 1),
	(19821, 14, '1812221', 572, 1),
	(19822, 14, '1812228', 585, 2),
	(19823, 14, '1812238', 573, 2),
	(19824, 14, '1812335', 574, 1),
	(19825, 14, '1812231', 589, 2),
	(19826, 14, '1812252', 600, 1),
	(19827, 14, '1812244', 592, 2),
	(19828, 14, '1812243', 573, 2),
	(19829, 14, '1812246', 572, 1),
	(19830, 14, '1812226', 584, 2),
	(19831, 14, '1812247', 571, 1),
	(19832, 14, '1812227', 586, 2),
	(19833, 14, '1812248', 568, 1),
	(19834, 14, '1812245', 567, 3),
	(19835, 14, '1812241', 562, 1),
	(19836, 14, '1812251', 585, 1),
	(19837, 14, '1812221', 595, 1),
	(19838, 14, '1812215', 583, 2),
	(19839, 14, '1812217', 590, 2),
	(19840, 14, '1812233', 584, 2),
	(19841, 14, '1812230', 576, 1),
	(19842, 14, '1812234', 575, 2),
	(19843, 14, '1812248', 573, 2),
	(19844, 14, '1812228', 598, 2),
	(19845, 14, '1812242', 590, 1),
	(19846, 14, '1812247', 572, 1),
	(19847, 14, '1812227', 593, 1),
	(19848, 14, '1812231', 597, 1),
	(19849, 14, '1812335', 588, 2),
	(19850, 14, '1812238', 575, 2),
	(19851, 14, '1812240', 587, 2),
	(19852, 14, '1812224', 584, 2),
	(19853, 14, '1812234', 561, 1),
	(19854, 14, '1812230', 573, 2),
	(19855, 14, '1812232', 568, 2),
	(19856, 14, '1812248', 572, 1),
	(19857, 14, '1812335', 561, 1),
	(19858, 14, '1812247', 589, 1),
	(19859, 14, '1812225', 575, 2),
	(19860, 14, '1812243', 579, 2),
	(19861, 14, '1812229', 590, 1),
	(19862, 14, '1812238', 591, 1),
	(19863, 14, '1812231', 584, 2),
	(19864, 14, '1812220', 585, 2),
	(19865, 14, '1812239', 590, 2),
	(19866, 14, '1812218', 581, 1),
	(19867, 14, '1812242', 598, 2),
	(19868, 14, '1812219', 572, 1),
	(19869, 14, '1812234', 565, 2),
	(19870, 14, '1812247', 593, 1),
	(19871, 14, '1812235', 580, 2),
	(19872, 14, '1812225', 566, 2),
	(19873, 14, '1812226', 579, 2),
	(19874, 14, '1812232', 563, 1),
	(19875, 14, '1812229', 582, 1),
	(19876, 14, '1812237', 569, 4),
	(19877, 14, '1812233', 587, 1),
	(19878, 14, '1812224', 576, 1),
	(19879, 14, '1812240', 581, 2),
	(19880, 14, '1812238', 577, 2),
	(19881, 14, '1812243', 575, 2),
	(19882, 14, '1812335', 569, 4),
	(19883, 14, '1812227', 583, 1),
	(19884, 14, '1812230', 569, 4),
	(19885, 14, '1812241', 594, 2),
	(19886, 14, '1812234', 588, 2),
	(19887, 14, '1812229', 562, 1),
	(19888, 14, '1812236', 579, 2),
	(19889, 14, '1812232', 600, 1),
	(19890, 14, '1812215', 568, 2),
	(19891, 14, '1812335', 570, 1),
	(19892, 14, '1812225', 562, 1),
	(19893, 14, '1812228', 568, 2),
	(19894, 14, '1812229', 577, 2),
	(19895, 14, '1812335', 562, 1),
	(19896, 14, '1812218', 577, 2),
	(19897, 14, '1812231', 576, 1),
	(19898, 14, '1812224', 587, 1),
	(19899, 14, '1812244', 584, 2),
	(19900, 14, '1812228', 595, 1),
	(19901, 14, '1812227', 587, 1),
	(19902, 14, '1812233', 598, 2),
	(19903, 14, '1812252', 581, 1),
	(19904, 14, '1812215', 590, 2),
	(19905, 14, '1812247', 574, 1),
	(19906, 14, '1812237', 571, 1),
	(19907, 14, '1812250', 567, 3),
	(19908, 14, '1812228', 572, 1),
	(19909, 14, '1812224', 591, 2),
	(19910, 14, '1812245', 579, 1),
	(19911, 14, '1812239', 595, 1),
	(19912, 14, '1812243', 571, 1),
	(19913, 14, '1812225', 584, 1),
	(19914, 14, '1812335', 577, 2),
	(19915, 14, '1812241', 571, 1),
	(19916, 14, '1812231', 565, 1),
	(19917, 14, '1812238', 588, 2),
	(19918, 14, '1812232', 581, 1),
	(19919, 14, '1812246', 575, 2),
	(19920, 14, '1812217', 574, 1),
	(19921, 14, '1812224', 586, 2),
	(19922, 14, '1812247', 597, 1),
	(19923, 14, '1812244', 591, 1),
	(19924, 14, '1812229', 564, 2),
	(19925, 14, '1812241', 595, 1),
	(19926, 14, '1812335', 565, 2),
	(19927, 14, '1812217', 586, 2),
	(19928, 14, '1812236', 584, 2),
	(19929, 14, '1812238', 564, 2),
	(19930, 14, '1812228', 587, 1),
	(19931, 14, '1812234', 579, 2),
	(19932, 14, '1812237', 587, 1),
	(19933, 14, '1812219', 564, 2),
	(19934, 14, '1812231', 568, 1),
	(19935, 14, '1812220', 574, 2),
	(19936, 14, '1812230', 581, 2),
	(19937, 14, '1812250', 578, 2),
	(19938, 14, '1812240', 592, 1),
	(19939, 14, '1812227', 569, 4),
	(19940, 14, '1812221', 597, 1),
	(19941, 14, '1812242', 593, 1),
	(19942, 14, '1812232', 599, 1),
	(19943, 14, '1812226', 581, 1),
	(19944, 14, '1812245', 600, 1),
	(19945, 14, '1812244', 573, 2),
	(19946, 14, '1812251', 590, 1),
	(19947, 14, '1812239', 578, 2),
	(19948, 14, '1812236', 572, 1),
	(19949, 14, '1812243', 580, 2),
	(19950, 14, '1812250', 588, 1),
	(19951, 14, '1812335', 564, 2),
	(19952, 14, '1812252', 580, 2),
	(19953, 14, '1812215', 593, 1),
	(19954, 14, '1812242', 573, 2),
	(19955, 14, '1812238', 595, 1),
	(19956, 14, '1812247', 578, 2),
	(19957, 14, '1812246', 598, 2),
	(19958, 14, '1812219', 592, 2),
	(19959, 14, '1812237', 582, 2),
	(19960, 14, '1812252', 586, 2),
	(19961, 14, '1812243', 584, 2),
	(19962, 14, '1812228', 600, 1),
	(19963, 14, '1812242', 566, 2),
	(19964, 14, '1812220', 572, 1),
	(19965, 14, '1812224', 588, 2),
	(19966, 14, '1812217', 598, 2),
	(19967, 14, '1812231', 586, 2),
	(19968, 14, '1812245', 580, 2),
	(19969, 14, '1812230', 596, 1),
	(19970, 14, '1812236', 598, 2),
	(19971, 14, '1812252', 596, 1),
	(19972, 14, '1812225', 590, 2),
	(19973, 14, '1812335', 600, 1),
	(19974, 14, '1812247', 562, 1),
	(19975, 14, '1812239', 571, 1),
	(19976, 14, '1812232', 588, 2),
	(19977, 14, '1812221', 596, 2),
	(19978, 14, '1812241', 592, 2),
	(19979, 14, '1812218', 569, 4),
	(19980, 14, '1812250', 564, 2),
	(19981, 14, '1812228', 588, 2),
	(19982, 14, '1812215', 569, 4),
	(19983, 14, '1812230', 570, 1),
	(19984, 14, '1812237', 589, 1),
	(19985, 14, '1812236', 597, 2),
	(19986, 14, '1812251', 581, 1),
	(19987, 14, '1812232', 564, 2),
	(19988, 14, '1812228', 583, 2),
	(19989, 14, '1812229', 600, 1),
	(19990, 14, '1812231', 564, 2),
	(19991, 14, '1812219', 575, 2),
	(19992, 14, '1812224', 585, 2),
	(19993, 14, '1812335', 575, 2),
	(19994, 14, '1812227', 589, 1),
	(19995, 14, '1812250', 569, 4),
	(19996, 14, '1812241', 567, 3),
	(19997, 14, '1812252', 566, 2),
	(19998, 14, '1812251', 586, 2),
	(19999, 14, '1812228', 593, 1),
	(20000, 14, '1812234', 571, 1),
	(20001, 14, '1812224', 572, 1),
	(20002, 14, '1812238', 589, 1),
	(20003, 14, '1812231', 569, 4),
	(20004, 14, '1812237', 568, 2),
	(20005, 14, '1812235', 573, 2),
	(20006, 14, '1812232', 589, 2),
	(20007, 14, '1812227', 584, 1),
	(20008, 14, '1812238', 562, 1),
	(20009, 14, '1812236', 585, 2),
	(20010, 14, '1812242', 591, 1),
	(20011, 14, '1812243', 568, 2),
	(20012, 14, '1812233', 588, 2),
	(20013, 14, '1812335', 566, 2),
	(20014, 14, '1812246', 568, 2),
	(20015, 14, '1812232', 562, 1),
	(20016, 14, '1812252', 576, 1),
	(20017, 14, '1812237', 584, 2),
	(20018, 14, '1812231', 573, 2),
	(20019, 14, '1812335', 573, 2),
	(20020, 14, '1812232', 577, 2),
	(20021, 14, '1812220', 562, 1),
	(20022, 14, '1812225', 598, 2),
	(20023, 14, '1812234', 572, 1),
	(20024, 14, '1812224', 575, 2),
	(20025, 14, '1812231', 598, 2),
	(20026, 14, '1812247', 584, 2),
	(20027, 14, '1812221', 581, 1),
	(20028, 14, '1812228', 594, 2),
	(20029, 14, '1812230', 588, 2),
	(20030, 14, '1812232', 582, 2),
	(20031, 14, '1812238', 590, 2),
	(20032, 14, '1812218', 590, 2),
	(20033, 14, '1812243', 582, 1),
	(20034, 14, '1812335', 582, 1),
	(20035, 14, '1812252', 574, 1),
	(20036, 14, '1812241', 588, 2),
	(20037, 14, '1812217', 592, 2),
	(20038, 14, '1812226', 571, 2),
	(20039, 14, '1812224', 580, 2),
	(20040, 14, '1812236', 600, 1),
	(20041, 14, '1812238', 584, 1),
	(20042, 14, '1812237', 600, 2),
	(20043, 14, '1812248', 585, 2),
	(20044, 14, '1812234', 576, 1),
	(20045, 14, '1812244', 561, 1),
	(20046, 14, '1812239', 568, 3),
	(20047, 14, '1812215', 599, 1),
	(20048, 14, '1812240', 569, 4),
	(20049, 14, '1812252', 582, 2),
	(20050, 14, '1812225', 592, 1),
	(20051, 14, '1812218', 587, 1),
	(20052, 14, '1812231', 579, 1),
	(20053, 14, '1812219', 577, 2),
	(20054, 14, '1812335', 585, 2),
	(20055, 14, '1812246', 587, 1),
	(20056, 14, '1812250', 583, 1),
	(20057, 14, '1812243', 592, 2),
	(20058, 14, '1812234', 568, 3),
	(20059, 14, '1812239', 572, 1),
	(20060, 14, '1812230', 575, 2),
	(20061, 14, '1812221', 569, 4),
	(20062, 14, '1812228', 589, 2),
	(20063, 14, '1812218', 563, 1),
	(20064, 14, '1812232', 566, 1),
	(20065, 14, '1812231', 575, 2),
	(20066, 14, '1812237', 574, 1),
	(20067, 14, '1812215', 585, 2),
	(20068, 14, '1812236', 582, 2),
	(20069, 14, '1812238', 566, 2),
	(20070, 14, '1812240', 564, 2),
	(20071, 14, '1812242', 592, 2),
	(20072, 14, '1812237', 586, 2),
	(20073, 14, '1812335', 590, 1),
	(20074, 14, '1812218', 562, 1),
	(20075, 14, '1812224', 589, 1),
	(20076, 14, '1812239', 596, 2),
	(20077, 14, '1812252', 578, 2),
	(20078, 14, '1812231', 581, 1),
	(20079, 14, '1812241', 565, 1),
	(20080, 14, '1812246', 574, 1),
	(20081, 14, '1812225', 588, 1),
	(20082, 14, '1812250', 577, 2),
	(20083, 14, '1812221', 567, 1),
	(20084, 14, '1812227', 568, 2),
	(20085, 14, '1812215', 582, 2),
	(20086, 14, '1812244', 588, 2),
	(20087, 14, '1812224', 563, 1),
	(20088, 14, '1812237', 577, 2),
	(20089, 14, '1812234', 567, 3),
	(20090, 14, '1812245', 581, 1),
	(20091, 14, '1812232', 571, 1),
	(20092, 14, '1812231', 577, 2),
	(20093, 14, '1812220', 582, 1),
	(20094, 14, '1812218', 599, 1),
	(20095, 14, '1812236', 571, 1),
	(20096, 14, '1812227', 591, 2),
	(20097, 14, '1812235', 578, 1),
	(20098, 14, '1812239', 577, 2),
	(20099, 14, '1812217', 589, 1),
	(20100, 14, '1812233', 580, 1),
	(20101, 14, '1812335', 595, 2),
	(20102, 14, '1812247', 579, 2),
	(20103, 14, '1812237', 563, 1),
	(20104, 14, '1812238', 592, 1),
	(20105, 14, '1812234', 595, 1),
	(20106, 14, '1812228', 569, 4),
	(20107, 14, '1812246', 586, 2),
	(20108, 14, '1812232', 584, 1),
	(20109, 14, '1812218', 591, 2),
	(20110, 14, '1812231', 594, 2),
	(20111, 14, '1812241', 590, 2),
	(20112, 14, '1812224', 562, 1),
	(20113, 14, '1812240', 578, 2),
	(20114, 14, '1812229', 569, 3),
	(20115, 14, '1812247', 577, 2),
	(20116, 14, '1812215', 587, 1),
	(20117, 14, '1812244', 585, 2),
	(20118, 14, '1812227', 599, 1),
	(20119, 14, '1812221', 598, 2),
	(20120, 14, '1812225', 571, 1),
	(20121, 14, '1812252', 590, 2),
	(20122, 14, '1812243', 576, 1),
	(20123, 14, '1812225', 577, 2),
	(20124, 14, '1812241', 563, 1),
	(20125, 14, '1812245', 585, 2),
	(20126, 14, '1812229', 570, 1),
	(20127, 14, '1812239', 599, 1),
	(20128, 14, '1812236', 567, 3),
	(20129, 14, '1812242', 581, 1),
	(20130, 14, '1812218', 572, 1),
	(20131, 14, '1812229', 573, 2),
	(20132, 14, '1812219', 596, 2),
	(20133, 14, '1812335', 586, 2),
	(20134, 14, '1812231', 580, 1),
	(20135, 14, '1812226', 596, 2),
	(20136, 14, '1812215', 575, 2),
	(20137, 14, '1812228', 597, 1),
	(20138, 14, '1812234', 564, 2),
	(20139, 14, '1812220', 570, 2),
	(20140, 14, '1812242', 596, 1),
	(20141, 14, '1812237', 581, 1),
	(20142, 14, '1812215', 577, 2),
	(20143, 14, '1812231', 596, 1),
	(20144, 14, '1812235', 581, 1),
	(20145, 14, '1812221', 564, 2),
	(20146, 14, '1812241', 570, 1),
	(20147, 14, '1812225', 596, 2),
	(20148, 14, '1812242', 572, 1),
	(20149, 14, '1812238', 583, 2),
	(20150, 14, '1812335', 592, 2),
	(20151, 14, '1812230', 599, 1),
	(20152, 14, '1812252', 563, 2),
	(20153, 14, '1812237', 562, 1),
	(20154, 14, '1812235', 599, 1),
	(20155, 14, '1812224', 567, 3),
	(20156, 14, '1812231', 563, 1),
	(20157, 14, '1812218', 575, 2),
	(20158, 14, '1812226', 582, 2),
	(20159, 14, '1812243', 593, 1),
	(20160, 14, '1812232', 596, 1),
	(20161, 14, '1812244', 567, 3),
	(20162, 14, '1812247', 594, 2),
	(20163, 14, '1812220', 598, 2),
	(20164, 14, '1812235', 591, 1),
	(20165, 14, '1812252', 597, 2),
	(20166, 14, '1812226', 577, 1),
	(20167, 14, '1812236', 580, 1),
	(20168, 14, '1812232', 573, 2),
	(20169, 14, '1812218', 600, 1),
	(20170, 14, '1812234', 585, 2),
	(20171, 14, '1812228', 578, 2),
	(20172, 14, '1812242', 564, 2),
	(20173, 14, '1812224', 600, 1),
	(20174, 14, '1812215', 597, 2),
	(20175, 14, '1812252', 577, 2),
	(20176, 14, '1812243', 600, 1),
	(20177, 14, '1812218', 586, 2),
	(20178, 14, '1812246', 581, 1),
	(20179, 14, '1812231', 566, 2),
	(20180, 14, '1812229', 589, 1),
	(20181, 14, '1812247', 576, 1),
	(20182, 14, '1812226', 562, 1),
	(20183, 14, '1812244', 563, 1),
	(20184, 14, '1812250', 568, 3),
	(20185, 14, '1812215', 562, 1),
	(20186, 14, '1812238', 599, 1),
	(20187, 14, '1812335', 589, 1),
	(20188, 14, '1812233', 596, 2),
	(20189, 14, '1812239', 574, 1),
	(20190, 14, '1812236', 591, 2),
	(20191, 14, '1812237', 588, 2),
	(20192, 14, '1812227', 562, 1),
	(20193, 14, '1812230', 595, 1),
	(20194, 14, '1812231', 574, 1),
	(20195, 14, '1812234', 587, 1),
	(20196, 14, '1812241', 598, 2),
	(20197, 14, '1812245', 587, 1),
	(20198, 14, '1812247', 580, 2),
	(20199, 14, '1812218', 592, 2),
	(20200, 14, '1812238', 578, 2),
	(20201, 14, '1812232', 590, 2),
	(20202, 14, '1812224', 571, 1),
	(20203, 14, '1812230', 583, 1),
	(20204, 14, '1812217', 597, 1),
	(20205, 14, '1812231', 588, 2),
	(20206, 14, '1812239', 582, 1),
	(20207, 14, '1812242', 576, 1),
	(20208, 14, '1812241', 577, 2),
	(20209, 14, '1812232', 583, 2),
	(20210, 14, '1812228', 580, 1),
	(20211, 14, '1812229', 592, 1),
	(20212, 14, '1812244', 577, 2),
	(20213, 14, '1812248', 581, 1),
	(20214, 14, '1812335', 587, 1),
	(20215, 14, '1812238', 586, 2),
	(20216, 14, '1812233', 586, 2),
	(20217, 14, '1812215', 600, 1),
	(20218, 14, '1812221', 599, 1),
	(20219, 14, '1812231', 572, 1),
	(20220, 14, '1812226', 597, 2),
	(20221, 14, '1812242', 577, 2),
	(20222, 14, '1812224', 574, 1),
	(20223, 14, '1812235', 568, 2),
	(20224, 14, '1812228', 574, 1),
	(20225, 14, '1812220', 567, 3),
	(20226, 14, '1812245', 561, 1),
	(20227, 14, '1812215', 565, 2),
	(20228, 14, '1812237', 567, 3),
	(20229, 14, '1812225', 574, 1),
	(20230, 14, '1812229', 565, 2),
	(20231, 14, '1812236', 576, 1),
	(20232, 14, '1812247', 565, 1),
	(20233, 14, '1812243', 599, 1),
	(20234, 14, '1812228', 591, 1),
	(20235, 14, '1812234', 562, 1),
	(20236, 14, '1812335', 591, 1),
	(20237, 14, '1812238', 585, 2),
	(20238, 14, '1812244', 562, 1),
	(20239, 14, '1812230', 565, 1),
	(20240, 14, '1812246', 567, 3),
	(20241, 14, '1812233', 575, 2),
	(20242, 14, '1812234', 596, 2),
	(20243, 14, '1812231', 583, 2),
	(20244, 14, '1812237', 575, 2),
	(20245, 14, '1812241', 584, 2),
	(20246, 14, '1812238', 593, 1),
	(20247, 14, '1812247', 592, 2),
	(20248, 14, '1812225', 593, 1),
	(20249, 14, '1812236', 570, 1),
	(20250, 14, '1812227', 567, 3),
	(20251, 14, '1812335', 583, 1),
	(20252, 14, '1812233', 577, 2),
	(20253, 14, '1812215', 580, 2),
	(20254, 14, '1812228', 599, 1),
	(20255, 14, '1812234', 591, 2),
	(20256, 14, '1812220', 584, 2),
	(20257, 14, '1812238', 563, 1),
	(20258, 14, '1812243', 589, 1),
	(20259, 14, '1812239', 587, 1),
	(20260, 14, '1812232', 567, 3),
	(20261, 14, '1812229', 567, 3),
	(20262, 14, '1812231', 578, 2),
	(20263, 14, '1812235', 585, 2),
	(20264, 14, '1812215', 584, 2),
	(20265, 14, '1812224', 590, 2),
	(20266, 14, '1812217', 579, 2),
	(20267, 14, '1812225', 594, 1),
	(20268, 14, '1812246', 584, 1),
	(20269, 14, '1812218', 567, 3),
	(20270, 14, '1812220', 573, 2),
	(20271, 14, '1812251', 592, 2),
	(20272, 14, '1812236', 583, 1),
	(20273, 14, '1812237', 597, 2),
	(20274, 14, '1812335', 576, 1),
	(20275, 14, '1812227', 563, 1),
	(20276, 14, '1812225', 573, 2),
	(20277, 14, '1812218', 570, 1),
	(20278, 14, '1812239', 583, 2),
	(20279, 14, '1812242', 569, 4),
	(20280, 14, '1812252', 571, 2),
	(20281, 14, '1812247', 581, 1),
	(20282, 14, '1812243', 578, 2),
	(20283, 14, '1812229', 597, 2),
	(20284, 14, '1812231', 599, 1),
	(20285, 14, '1812224', 592, 2),
	(20286, 14, '1812219', 566, 2),
	(20287, 14, '1812335', 572, 1),
	(20288, 14, '1812242', 562, 1),
	(20289, 14, '1812227', 590, 2),
	(20290, 14, '1812250', 594, 2),
	(20291, 14, '1812237', 565, 1),
	(20292, 14, '1812241', 581, 1),
	(20293, 14, '1812236', 592, 2),
	(20294, 14, '1812243', 562, 1),
	(20295, 14, '1812246', 592, 2),
	(20296, 14, '1812225', 569, 4),
	(20297, 14, '1812215', 576, 2),
	(20298, 14, '1812242', 563, 1),
	(20299, 14, '1812247', 599, 1),
	(20300, 14, '1812229', 572, 1),
	(20301, 14, '1812248', 563, 1),
	(20302, 14, '1812231', 590, 1),
	(20303, 14, '1812238', 569, 4),
	(20304, 14, '1812236', 561, 1),
	(20305, 14, '1812226', 568, 2),
	(20306, 14, '1812230', 589, 1),
	(20307, 14, '1812247', 595, 1),
	(20308, 14, '1812246', 591, 2),
	(20309, 14, '1812227', 581, 1),
	(20310, 14, '1812219', 571, 2),
	(20311, 14, '1812228', 581, 1),
	(20312, 14, '1812243', 567, 3),
	(20313, 14, '1812229', 587, 1),
	(20314, 14, '1812251', 599, 1),
	(20315, 14, '1812231', 562, 1),
	(20316, 14, '1812232', 574, 1),
	(20317, 14, '1812215', 564, 2),
	(20318, 14, '1812242', 574, 1),
	(20319, 14, '1812237', 594, 2),
	(20320, 14, '1812252', 583, 2),
	(20321, 14, '1812247', 564, 2),
	(20322, 14, '1812244', 587, 1),
	(20323, 14, '1812335', 581, 1),
	(20324, 14, '1812228', 566, 2),
	(20325, 14, '1812248', 571, 1),
	(20326, 14, '1812229', 593, 1),
	(20327, 14, '1812233', 581, 1),
	(20328, 14, '1812237', 566, 2),
	(20329, 14, '1812217', 580, 2),
	(20330, 14, '1812226', 569, 4),
	(20331, 14, '1812241', 580, 2),
	(20332, 14, '1812224', 570, 1),
	(20333, 14, '1812239', 594, 2),
	(20334, 14, '1812247', 587, 1),
	(20335, 14, '1812225', 589, 2),
	(20336, 14, '1812234', 581, 2),
	(20337, 14, '1812228', 564, 2),
	(20338, 14, '1812227', 561, 1),
	(20339, 14, '1812252', 569, 4),
	(20340, 14, '1812232', 580, 2),
	(20341, 14, '1812230', 567, 1),
	(20342, 14, '1812247', 583, 2),
	(20343, 14, '1812233', 582, 2),
	(20344, 14, '1812243', 574, 1),
	(20345, 14, '1812225', 561, 1),
	(20346, 14, '1812242', 587, 1),
	(20347, 14, '1812252', 565, 2),
	(20348, 14, '1812227', 573, 2),
	(20349, 14, '1812221', 590, 1),
	(20350, 14, '1812236', 587, 1),
	(20351, 14, '1812226', 583, 1),
	(20352, 14, '1812220', 579, 2),
	(20353, 14, '1812234', 573, 2),
	(20354, 14, '1812243', 577, 2),
	(20355, 14, '1812228', 577, 2),
	(20356, 14, '1812237', 595, 2),
	(20357, 14, '1812247', 563, 1),
	(20358, 14, '1812232', 561, 1),
	(20359, 14, '1812224', 594, 2),
	(20360, 14, '1812229', 581, 1),
	(20361, 14, '1812228', 573, 2),
	(20362, 14, '1812217', 600, 1),
	(20363, 14, '1812221', 593, 1),
	(20364, 14, '1812227', 580, 2),
	(20365, 14, '1812243', 561, 1),
	(20366, 14, '1812242', 589, 2),
	(20367, 14, '1812236', 577, 2),
	(20368, 14, '1812239', 564, 2),
	(20369, 14, '1812218', 582, 2),
	(20370, 14, '1812224', 577, 2),
	(20371, 14, '1812246', 579, 2),
	(20372, 14, '1812237', 570, 1),
	(20373, 14, '1812230', 564, 2),
	(20374, 14, '1812335', 594, 2),
	(20375, 14, '1812240', 598, 2),
	(20376, 14, '1812243', 570, 2),
	(20377, 14, '1812215', 581, 1),
	(20378, 14, '1812228', 576, 1),
	(20379, 14, '1812245', 568, 3),
	(20380, 14, '1812239', 586, 2),
	(20381, 14, '1812250', 591, 2),
	(20382, 14, '1812242', 565, 2),
	(20383, 14, '1812215', 596, 1),
	(20384, 14, '1812248', 564, 2),
	(20385, 14, '1812225', 597, 1),
	(20386, 14, '1812221', 577, 2),
	(20387, 14, '1812236', 595, 1),
	(20388, 14, '1812218', 580, 2),
	(20389, 14, '1812252', 599, 2),
	(20390, 14, '1812251', 597, 1),
	(20391, 14, '1812234', 594, 2),
	(20392, 14, '1812217', 587, 1),
	(20393, 14, '1812224', 564, 2),
	(20394, 14, '1812247', 575, 2),
	(20395, 14, '1812219', 595, 2),
	(20396, 14, '1812237', 598, 2),
	(20397, 14, '1812218', 596, 2),
	(20398, 14, '1812243', 597, 1),
	(20399, 14, '1812233', 593, 2),
	(20400, 14, '1812229', 579, 2),
	(20401, 14, '1812225', 595, 2),
	(20402, 14, '1812230', 586, 2),
	(20403, 14, '1812218', 573, 2),
	(20404, 14, '1812239', 581, 2),
	(20405, 14, '1812247', 585, 2),
	(20406, 14, '1812242', 588, 2),
	(20407, 14, '1812241', 599, 1),
	(20408, 14, '1812248', 598, 2),
	(20409, 14, '1812215', 563, 1),
	(20410, 14, '1812237', 593, 1),
	(20411, 14, '1812335', 584, 1),
	(20412, 14, '1812251', 598, 2),
	(20413, 14, '1812233', 583, 2),
	(20414, 14, '1812217', 599, 1),
	(20415, 14, '1812238', 571, 1),
	(20416, 14, '1812230', 562, 1),
	(20417, 14, '1812236', 574, 1),
	(20418, 14, '1812225', 570, 1),
	(20419, 14, '1812229', 595, 1),
	(20420, 14, '1812224', 565, 1),
	(20421, 14, '1812221', 585, 2),
	(20422, 14, '1812238', 561, 2),
	(20423, 14, '1812234', 577, 2),
	(20424, 14, '1812229', 584, 2),
	(20425, 14, '1812242', 580, 2),
	(20426, 14, '1812232', 594, 2),
	(20427, 14, '1812237', 580, 2),
	(20428, 14, '1812235', 574, 1),
	(20429, 14, '1812235', 571, 1),
	(20430, 14, '1812228', 567, 3),
	(20431, 14, '1812239', 593, 1),
	(20432, 14, '1812234', 563, 1),
	(20433, 14, '1812238', 587, 1),
	(20434, 14, '1812236', 562, 1),
	(20435, 14, '1812226', 598, 1),
	(20436, 14, '1812215', 566, 2),
	(20437, 14, '1812232', 575, 2),
	(20438, 14, '1812247', 591, 2),
	(20439, 14, '1812237', 572, 1),
	(20440, 14, '1812242', 585, 2),
	(20441, 14, '1812241', 574, 1),
	(20442, 14, '1812246', 590, 2),
	(20443, 14, '1812240', 567, 3),
	(20444, 14, '1812230', 590, 2),
	(20445, 14, '1812252', 589, 1),
	(20446, 14, '1812250', 585, 2),
	(20447, 14, '1812248', 574, 1),
	(20448, 14, '1812220', 580, 1),
	(20449, 14, '1812239', 600, 1),
	(20450, 14, '1812237', 573, 2),
	(20451, 14, '1812233', 572, 1),
	(20452, 14, '1812226', 564, 2),
	(20453, 14, '1812244', 589, 1),
	(20454, 14, '1812228', 590, 2),
	(20455, 14, '1812215', 594, 2),
	(20456, 14, '1812232', 597, 1),
	(20457, 14, '1812247', 582, 2),
	(20458, 14, '1812238', 576, 1),
	(20459, 14, '1812252', 579, 1),
	(20460, 14, '1812233', 573, 2),
	(20461, 14, '1812234', 582, 1),
	(20462, 14, '1812225', 568, 1),
	(20463, 14, '1812230', 571, 1),
	(20464, 14, '1812251', 596, 1),
	(20465, 14, '1812240', 575, 2),
	(20466, 14, '1812220', 595, 1),
	(20467, 14, '1812228', 570, 1),
	(20468, 14, '1812219', 562, 1),
	(20469, 14, '1812236', 586, 2),
	(20470, 14, '1812221', 582, 1),
	(20471, 14, '1812229', 578, 2),
	(20472, 14, '1812235', 575, 2),
	(20473, 14, '1812241', 572, 1),
	(20474, 14, '1812239', 562, 1),
	(20475, 14, '1812224', 578, 2),
	(20476, 14, '1812220', 563, 1),
	(20477, 14, '1812244', 598, 2),
	(20478, 14, '1812226', 585, 2),
	(20479, 14, '1812251', 570, 1),
	(20480, 14, '1812240', 563, 1),
	(20481, 14, '1812228', 561, 1),
	(20482, 14, '1812237', 590, 2),
	(20483, 14, '1812227', 588, 2),
	(20484, 14, '1812245', 590, 2),
	(20485, 14, '1812250', 589, 1),
	(20486, 14, '1812239', 573, 2),
	(20487, 14, '1812224', 573, 2),
	(20488, 14, '1812229', 563, 1),
	(20489, 14, '1812238', 565, 1),
	(20490, 14, '1812235', 572, 1),
	(20491, 14, '1812234', 570, 1),
	(20492, 14, '1812232', 585, 2),
	(20493, 14, '1812250', 570, 1),
	(20494, 14, '1812228', 584, 1),
	(20495, 14, '1812217', 569, 4),
	(20496, 14, '1812252', 572, 1),
	(20497, 14, '1812226', 570, 1),
	(20498, 14, '1812224', 595, 1),
	(20499, 14, '1812233', 585, 2),
	(20500, 14, '1812246', 595, 1),
	(20501, 14, '1812245', 595, 1),
	(20502, 14, '1812248', 569, 4),
	(20503, 14, '1812252', 561, 1),
	(20504, 14, '1812232', 576, 1),
	(20505, 14, '1812217', 583, 2),
	(20506, 14, '1812234', 598, 2),
	(20507, 14, '1812230', 584, 1),
	(20508, 14, '1812241', 587, 1),
	(20509, 14, '1812227', 565, 2),
	(20510, 14, '1812221', 563, 1),
	(20511, 14, '1812240', 588, 2),
	(20512, 14, '1812244', 578, 2),
	(20513, 14, '1812239', 565, 1),
	(20514, 14, '1812237', 576, 2),
	(20515, 14, '1812217', 572, 1),
	(20516, 14, '1812234', 586, 2),
	(20517, 14, '1812227', 595, 1),
	(20518, 14, '1812252', 593, 1),
	(20519, 14, '1812241', 596, 2),
	(20520, 14, '1812226', 593, 1),
	(20521, 14, '1812215', 586, 2),
	(20522, 14, '1812247', 568, 1),
	(20523, 14, '1812224', 598, 2),
	(20524, 14, '1812220', 575, 2),
	(20525, 14, '1812240', 565, 2),
	(20526, 14, '1812235', 579, 2),
	(20527, 14, '1812237', 561, 1),
	(20528, 14, '1812233', 591, 2),
	(20529, 14, '1812248', 595, 1),
	(20530, 14, '1812217', 562, 1),
	(20531, 14, '1812232', 572, 1),
	(20532, 14, '1812250', 574, 1),
	(20533, 14, '1812230', 572, 1),
	(20534, 14, '1812225', 580, 1),
	(20535, 14, '1812245', 576, 1),
	(20536, 14, '1812226', 566, 2),
	(20537, 14, '1812224', 596, 2),
	(20538, 14, '1812236', 568, 3),
	(20539, 14, '1812247', 600, 1),
	(20540, 14, '1812218', 566, 1),
	(20541, 14, '1812242', 594, 2),
	(20542, 14, '1812234', 593, 1),
	(20543, 14, '1812219', 583, 2),
	(20544, 14, '1812220', 596, 2),
	(20545, 14, '1812246', 565, 1),
	(20546, 14, '1812227', 566, 2),
	(20547, 14, '1812232', 593, 1),
	(20548, 14, '1812226', 561, 1),
	(20549, 14, '1812247', 586, 2),
	(20550, 14, '1812215', 595, 1),
	(20551, 14, '1812221', 575, 2),
	(20552, 14, '1812230', 587, 1),
	(20553, 14, '1812224', 593, 1),
	(20554, 14, '1812218', 576, 1),
	(20555, 14, '1812225', 587, 1),
	(20556, 14, '1812239', 569, 4),
	(20557, 14, '1812215', 591, 2),
	(20558, 14, '1812242', 586, 2),
	(20559, 14, '1812237', 578, 2),
	(20560, 14, '1812236', 590, 2),
	(20561, 14, '1812240', 593, 1),
	(20562, 14, '1812218', 588, 2),
	(20563, 14, '1812244', 566, 1),
	(20564, 14, '1812230', 566, 2),
	(20565, 14, '1812242', 570, 1),
	(20566, 14, '1812252', 594, 1),
	(20567, 14, '1812225', 585, 2),
	(20568, 14, '1812227', 572, 1),
	(20569, 14, '1812241', 576, 1),
	(20570, 14, '1812238', 567, 3),
	(20571, 14, '1812246', 599, 1),
	(20572, 14, '1812239', 591, 1),
	(20573, 14, '1812247', 570, 2),
	(20574, 14, '1812237', 591, 2),
	(20575, 14, '1812218', 564, 2),
	(20576, 14, '1812220', 592, 2),
	(20577, 14, '1812236', 564, 2),
	(20578, 14, '1812221', 587, 1),
	(20579, 14, '1812240', 585, 2),
	(20580, 14, '1812237', 596, 1),
	(20581, 14, '1812224', 599, 1),
	(20582, 14, '1812227', 600, 1),
	(20583, 14, '1812234', 584, 1),
	(20584, 14, '1812232', 586, 2),
	(20585, 14, '1812230', 578, 2),
	(20586, 14, '1812226', 576, 1),
	(20587, 14, '1812251', 580, 1),
	(20588, 14, '1812225', 581, 1),
	(20589, 14, '1812218', 597, 2),
	(20590, 14, '1812239', 584, 2),
	(20591, 14, '1812248', 565, 1),
	(20592, 14, '1812235', 569, 1),
	(20593, 14, '1812234', 597, 2),
	(20594, 14, '1812237', 579, 2),
	(20595, 14, '1812246', 576, 1),
	(20596, 14, '1812251', 565, 2),
	(20597, 14, '1812240', 571, 1),
	(20598, 14, '1812245', 591, 2),
	(20599, 14, '1812235', 588, 1),
	(20600, 14, '1812250', 582, 2),
	(20601, 14, '1812221', 565, 2),
	(20602, 14, '1812226', 567, 3),
	(20603, 14, '1812245', 572, 1),
	(20604, 14, '1812219', 588, 1),
	(20605, 14, '1812251', 564, 1),
	(20606, 14, '1812218', 578, 2),
	(20607, 14, '1812230', 577, 1),
	(20608, 14, '1812239', 579, 2),
	(20609, 14, '1812225', 567, 3),
	(20610, 14, '1812235', 586, 2),
	(20611, 14, '1812240', 577, 2),
	(20612, 14, '1812236', 589, 1),
	(20613, 14, '1812220', 586, 2),
	(20614, 14, '1812233', 589, 1),
	(20615, 14, '1812245', 562, 1),
	(20616, 14, '1812225', 591, 1),
	(20617, 14, '1812224', 597, 2),
	(20618, 14, '1812235', 597, 1),
	(20619, 14, '1812230', 592, 2),
	(20620, 14, '1812250', 572, 1),
	(20621, 14, '1812240', 562, 1),
	(20622, 14, '1812226', 578, 2),
	(20623, 14, '1812225', 572, 1),
	(20624, 14, '1812242', 568, 3),
	(20625, 14, '1812240', 573, 2),
	(20626, 14, '1812229', 588, 2),
	(20627, 14, '1812235', 600, 1),
	(20628, 14, '1812244', 568, 3),
	(20629, 14, '1812219', 589, 1),
	(20630, 14, '1812250', 566, 2),
	(20631, 14, '1812234', 590, 2),
	(20632, 14, '1812220', 597, 2),
	(20633, 14, '1812226', 599, 1),
	(20634, 14, '1812229', 566, 2),
	(20635, 14, '1812235', 589, 2),
	(20636, 14, '1812245', 582, 2),
	(20637, 14, '1812227', 576, 1),
	(20638, 14, '1812218', 568, 2),
	(20639, 14, '1812225', 600, 1),
	(20640, 14, '1812217', 568, 2),
	(20641, 14, '1812234', 592, 2),
	(20642, 14, '1812236', 569, 4),
	(20643, 14, '1812246', 589, 1),
	(20644, 14, '1812219', 579, 2),
	(20645, 14, '1812248', 566, 0),
	(20646, 14, '1812251', 594, 1),
	(20647, 14, '1812217', 596, 2),
	(20648, 14, '1812240', 600, 1),
	(20649, 14, '1812234', 599, 1),
	(20650, 14, '1812250', 598, 2),
	(20651, 14, '1812235', 584, 1),
	(20652, 14, '1812225', 564, 2),
	(20653, 14, '1812252', 584, 1),
	(20654, 14, '1812246', 562, 1),
	(20655, 14, '1812236', 563, 1),
	(20656, 14, '1812229', 583, 2),
	(20657, 14, '1812250', 562, 1),
	(20658, 14, '1812235', 576, 1),
	(20659, 14, '1812225', 582, 1),
	(20660, 14, '1812219', 593, 1),
	(20661, 14, '1812245', 564, 2),
	(20662, 14, '1812241', 568, 2),
	(20663, 14, '1812251', 578, 2),
	(20664, 14, '1812232', 569, 4),
	(20665, 14, '1812246', 570, 1),
	(20666, 14, '1812233', 571, 1),
	(20667, 14, '1812220', 578, 2),
	(20668, 14, '1812244', 574, 2),
	(20669, 14, '1812232', 570, 1),
	(20670, 14, '1812236', 588, 2),
	(20671, 14, '1812239', 589, 1),
	(20672, 14, '1812235', 595, 1),
	(20673, 14, '1812218', 585, 2),
	(20674, 14, '1812220', 577, 2),
	(20675, 14, '1812245', 598, 2),
	(20676, 14, '1812239', 585, 2),
	(20677, 14, '1812235', 593, 2),
	(20678, 14, '1812252', 567, 3),
	(20679, 14, '1812246', 582, 1),
	(20680, 14, '1812236', 596, 1),
	(20681, 14, '1812218', 561, 1),
	(20682, 14, '1812245', 586, 2),
	(20683, 14, '1812248', 584, 1),
	(20684, 14, '1812227', 574, 1),
	(20685, 14, '1812232', 579, 2),
	(20686, 14, '1812220', 565, 1),
	(20687, 14, '1812252', 595, 2),
	(20688, 14, '1812226', 589, 1),
	(20689, 14, '1812227', 570, 1),
	(20690, 14, '1812245', 563, 1),
	(20691, 14, '1812235', 567, 3),
	(20692, 14, '1812225', 599, 1),
	(20693, 14, '1812232', 591, 1),
	(20694, 14, '1812240', 579, 2),
	(20695, 14, '1812218', 571, 1),
	(20696, 14, '1812242', 571, 2),
	(20697, 14, '1812252', 587, 1),
	(20698, 14, '1812234', 583, 2),
	(20699, 14, '1812221', 589, 2),
	(20700, 14, '1812227', 597, 2),
	(20701, 14, '1812248', 577, 2),
	(20702, 14, '1812240', 583, 2),
	(20703, 14, '1812246', 569, 4),
	(20704, 14, '1812242', 600, 1),
	(20705, 14, '1812218', 574, 1),
	(20706, 14, '1812241', 597, 2),
	(20707, 14, '1812229', 576, 2),
	(20708, 14, '1812239', 597, 2),
	(20709, 14, '1812252', 575, 2),
	(20710, 14, '1812218', 583, 2),
	(20711, 14, '1812217', 585, 2),
	(20712, 14, '1812236', 575, 2),
	(20713, 14, '1812250', 595, 2),
	(20714, 14, '1812245', 574, 1),
	(20715, 14, '1812252', 585, 2),
	(20716, 14, '1812242', 575, 2),
	(20717, 14, '1812219', 567, 3),
	(20718, 14, '1812244', 565, 1),
	(20719, 14, '1812246', 577, 2),
	(20720, 14, '1812235', 564, 2),
	(20721, 14, '1812217', 594, 2),
	(20722, 14, '1812236', 565, 2),
	(20723, 14, '1812227', 564, 2),
	(20724, 14, '1812251', 593, 1),
	(20725, 14, '1812241', 586, 2),
	(20726, 14, '1812239', 567, 3),
	(20727, 14, '1812235', 592, 2),
	(20728, 14, '1812241', 583, 1),
	(20729, 14, '1812235', 583, 2),
	(20730, 14, '1812236', 573, 2),
	(20731, 14, '1812217', 591, 2),
	(20732, 14, '1812245', 577, 2),
	(20733, 14, '1812250', 593, 1),
	(20734, 14, '1812221', 578, 2),
	(20735, 14, '1812251', 582, 2),
	(20736, 14, '1812229', 585, 2),
	(20737, 14, '1812241', 561, 1),
	(20738, 14, '1812248', 578, 2),
	(20739, 14, '1812230', 574, 1),
	(20740, 14, '1812240', 599, 1),
	(20741, 14, '1812220', 599, 2),
	(20742, 14, '1812235', 562, 1),
	(20743, 14, '1812219', 561, 1),
	(20744, 14, '1812230', 561, 1),
	(20745, 14, '1812250', 600, 1),
	(20746, 14, '1812241', 569, 4),
	(20747, 14, '1812239', 598, 2),
	(20748, 14, '1812246', 578, 2),
	(20749, 14, '1812251', 589, 1),
	(20750, 14, '1812217', 575, 2),
	(20751, 14, '1812244', 581, 2),
	(20752, 14, '1812250', 563, 1),
	(20753, 14, '1812252', 592, 2),
	(20754, 14, '1812242', 583, 1),
	(20755, 14, '1812227', 585, 1),
	(20756, 14, '1812233', 568, 2),
	(20757, 14, '1812221', 579, 2),
	(20758, 14, '1812252', 591, 2),
	(20759, 14, '1812219', 576, 1),
	(20760, 14, '1812219', 586, 2),
	(20761, 14, '1812229', 571, 1),
	(20762, 14, '1812245', 584, 1),
	(20763, 14, '1812241', 582, 2),
	(20764, 14, '1812233', 562, 1),
	(20765, 14, '1812220', 587, 1),
	(20766, 14, '1812219', 590, 2),
	(20767, 14, '1812244', 564, 2),
	(20768, 14, '1812217', 593, 1),
	(20769, 14, '1812239', 592, 2),
	(20770, 14, '1812232', 587, 1),
	(20771, 14, '1812233', 597, 2),
	(20772, 14, '1812217', 588, 2),
	(20773, 14, '1812235', 587, 1),
	(20774, 14, '1812244', 575, 2),
	(20775, 14, '1812218', 589, 1),
	(20776, 14, '1812241', 566, 2),
	(20777, 14, '1812236', 581, 1),
	(20778, 14, '1812239', 563, 1),
	(20779, 14, '1812235', 566, 1),
	(20780, 14, '1812220', 600, 1),
	(20781, 14, '1812219', 563, 2),
	(20782, 14, '1812251', 566, 2),
	(20783, 14, '1812248', 591, 2),
	(20784, 14, '1812246', 571, 1),
	(20785, 14, '1812227', 579, 2),
	(20786, 14, '1812219', 585, 2),
	(20787, 14, '1812235', 577, 2),
	(20788, 14, '1812217', 578, 2),
	(20789, 14, '1812227', 578, 2),
	(20790, 14, '1812226', 565, 2),
	(20791, 14, '1812244', 600, 1),
	(20792, 14, '1812227', 594, 2),
	(20793, 14, '1812240', 570, 1),
	(20794, 14, '1812218', 598, 2),
	(20795, 14, '1812239', 588, 2),
	(20796, 14, '1812233', 592, 2),
	(20797, 14, '1812246', 573, 2),
	(20798, 14, '1812219', 599, 2),
	(20799, 14, '1812251', 575, 1),
	(20800, 14, '1812235', 590, 2),
	(20801, 14, '1812219', 570, 1),
	(20802, 14, '1812233', 565, 2),
	(20803, 14, '1812226', 572, 1),
	(20804, 14, '1812240', 596, 2),
	(20805, 14, '1812250', 571, 1),
	(20806, 14, '1812244', 593, 1),
	(20807, 14, '1812229', 586, 2),
	(20808, 14, '1812226', 563, 1),
	(20809, 14, '1812219', 597, 2),
	(20810, 14, '1812220', 594, 2),
	(20811, 14, '1812240', 576, 1),
	(20812, 14, '1812246', 580, 2),
	(20813, 14, '1812226', 574, 1),
	(20814, 14, '1812235', 598, 2),
	(20815, 14, '1812248', 599, 1),
	(20816, 14, '1812229', 599, 1),
	(20817, 14, '1812235', 570, 1),
	(20818, 14, '1812218', 579, 2),
	(20819, 14, '1812226', 586, 2),
	(20820, 14, '1812219', 578, 2),
	(20821, 14, '1812244', 571, 1),
	(20822, 14, '1812246', 563, 1),
	(20823, 14, '1812245', 589, 2),
	(20824, 14, '1812244', 570, 1),
	(20825, 14, '1812251', 571, 2),
	(20826, 14, '1812226', 591, 2),
	(20827, 14, '1812239', 566, 2),
	(20828, 14, '1812248', 593, 1),
	(20829, 14, '1812246', 561, 1),
	(20830, 14, '1812218', 584, 1),
	(20831, 14, '1812226', 600, 1),
	(20832, 14, '1812244', 579, 2),
	(20833, 14, '1812221', 566, 2),
	(20834, 14, '1812217', 581, 2),
	(20835, 14, '1812240', 574, 1),
	(20836, 14, '1812250', 596, 1),
	(20837, 14, '1812226', 595, 1),
	(20838, 14, '1812235', 563, 1),
	(20839, 14, '1812220', 589, 1),
	(20840, 14, '1812221', 570, 1),
	(20841, 14, '1812217', 563, 1),
	(20842, 14, '1812246', 600, 1),
	(20843, 14, '1812219', 584, 2),
	(20844, 14, '1812251', 587, 1),
	(20845, 14, '1812244', 594, 2),
	(20846, 14, '1812245', 571, 1),
	(20847, 14, '1812219', 573, 2),
	(20848, 14, '1812251', 573, 2),
	(20849, 14, '1812245', 570, 1),
	(20850, 14, '1812235', 596, 2),
	(20851, 14, '1812250', 576, 1),
	(20852, 14, '1812226', 592, 2),
	(20853, 14, '1812244', 595, 1),
	(20854, 14, '1812219', 581, 1),
	(20855, 14, '1812246', 566, 2),
	(20856, 14, '1812226', 573, 2),
	(20857, 14, '1812244', 572, 1),
	(20858, 14, '1812250', 575, 2),
	(20859, 14, '1812227', 575, 2),
	(20860, 14, '1812233', 599, 1),
	(20861, 14, '1812251', 563, 1),
	(20862, 14, '1812246', 593, 1),
	(20863, 14, '1812240', 590, 1),
	(20864, 14, '1812227', 577, 1),
	(20865, 14, '1812219', 568, 3),
	(20866, 14, '1812226', 587, 1),
	(20867, 14, '1812240', 597, 1),
	(20868, 14, '1812217', 584, 2),
	(20869, 14, '1812251', 574, 1),
	(20870, 14, '1812240', 561, 2),
	(20871, 14, '1812217', 577, 2),
	(20872, 14, '1812218', 595, 2),
	(20873, 14, '1812219', 569, 4),
	(20874, 14, '1812233', 590, 2),
	(20875, 14, '1812251', 569, 2),
	(20876, 14, '1812219', 594, 2),
	(20877, 14, '1812240', 584, 1),
	(20878, 14, '1812219', 591, 2),
	(20879, 14, '1812248', 579, 0),
	(20880, 14, '1812221', 580, 2),
	(20881, 14, '1812245', 592, 1),
	(20882, 14, '1812240', 595, 1),
	(20883, 14, '1812220', 568, 3),
	(20884, 14, '1812246', 597, 2),
	(20885, 14, '1812233', 574, 1),
	(20886, 14, '1812219', 600, 2),
	(20887, 14, '1812240', 566, 1),
	(20888, 14, '1812248', 586, 2),
	(20889, 14, '1812217', 561, 1),
	(20890, 14, '1812250', 599, 1),
	(20891, 14, '1812245', 569, 4),
	(20892, 14, '1812233', 600, 1),
	(20893, 14, '1812240', 580, 2),
	(20894, 14, '1812248', 590, 2),
	(20895, 14, '1812219', 574, 1),
	(20896, 14, '1812250', 573, 2),
	(20897, 14, '1812221', 584, 0),
	(20898, 14, '1812240', 582, 1),
	(20899, 14, '1812219', 598, 2),
	(20900, 14, '1812244', 569, 4),
	(20901, 14, '1812221', 576, 1),
	(20902, 14, '1812233', 569, 3),
	(20903, 14, '1812217', 595, 1),
	(20904, 14, '1812219', 565, 1),
	(20905, 14, '1812245', 593, 1),
	(20906, 14, '1812217', 566, 2),
	(20907, 14, '1812244', 596, 2),
	(20908, 14, '1812221', 600, 1),
	(20909, 14, '1812220', 571, 1),
	(20910, 14, '1812245', 566, 1),
	(20911, 14, '1812221', 562, 1),
	(20912, 14, '1812220', 591, 2),
	(20913, 14, '1812233', 578, 2),
	(20914, 14, '1812240', 586, 1),
	(20915, 14, '1812251', 568, 3),
	(20916, 14, '1812248', 582, 2),
	(20917, 14, '1812250', 580, 1),
	(20918, 14, '1812245', 596, 1),
	(20919, 14, '1812244', 586, 2),
	(20920, 14, '1812250', 586, 2),
	(20921, 14, '1812217', 567, 3),
	(20922, 14, '1812240', 572, 1),
	(20923, 14, '1812233', 579, 1),
	(20924, 14, '1812251', 583, 2),
	(20925, 14, '1812248', 594, 2),
	(20926, 14, '1812244', 580, 2),
	(20927, 14, '1812250', 561, 1),
	(20928, 14, '1812217', 564, 2),
	(20929, 14, '1812240', 591, 1),
	(20930, 14, '1812250', 565, 1),
	(20931, 14, '1812217', 573, 2),
	(20932, 14, '1812220', 583, 1),
	(20933, 14, '1812221', 571, 1),
	(20934, 14, '1812250', 587, 1),
	(20935, 14, '1812217', 565, 2),
	(20936, 14, '1812220', 569, 4),
	(20937, 14, '1812245', 594, 1),
	(20938, 14, '1812221', 586, 2),
	(20939, 14, '1812248', 567, 3),
	(20940, 14, '1812220', 588, 2),
	(20941, 14, '1812250', 584, 2),
	(20942, 14, '1812251', 577, 1),
	(20943, 14, '1812240', 594, 1),
	(20944, 14, '1812251', 562, 1),
	(20945, 14, '1812220', 590, 2),
	(20946, 14, '1812245', 597, 1),
	(20947, 14, '1812221', 561, 1),
	(20948, 14, '1812248', 588, 2),
	(20949, 14, '1812233', 567, 1),
	(20950, 14, '1812233', 561, 2),
	(20951, 14, '1812244', 583, 1),
	(20952, 14, '1812248', 570, 2),
	(20953, 14, '1812245', 565, 2),
	(20954, 14, '1812244', 590, 1),
	(20955, 14, '1812248', 576, 1),
	(20956, 14, '1812221', 568, 3),
	(20957, 14, '1812245', 599, 1),
	(20958, 14, '1812251', 600, 1),
	(20959, 14, '1812248', 561, 1),
	(20960, 14, '1812245', 575, 1),
	(20961, 14, '1812221', 574, 1),
	(20962, 14, '1812251', 579, 1),
	(20963, 14, '1812251', 591, 1),
	(20964, 14, '1812251', 584, 2),
	(20965, 14, '1812245', 588, 2),
	(20966, 14, '1812251', 561, 1),
	(20967, 14, '1812248', 597, 2),
	(20968, 14, '1812251', 595, 1),
	(20969, 14, '1812248', 596, 2),
	(20970, 14, '1812251', 588, 1),
	(20971, 14, '1812248', 600, 1),
	(20972, 14, '1812248', 575, 2),
	(20973, 14, '1812248', 587, 1),
	(20974, 14, '1812248', 562, 1),
	(20975, 14, '1812248', 580, 1),
	(20976, 14, '9912103', 588, 1),
	(20977, 14, '9912103', 568, 2),
	(52296, 14, '2312101', 571, 1),
	(52297, 14, '2312101', 599, 1),
	(52298, 14, '2312101', 576, 1),
	(52299, 14, '2312101', 564, 2),
	(52300, 14, '2312101', 594, 2),
	(52301, 14, '2312142', 578, 1),
	(52302, 14, '2312104', 572, 1),
	(52303, 14, '2312142', 577, 2),
	(52304, 14, '2312104', 582, 2),
	(52305, 14, '2312104', 568, 3),
	(52306, 14, '2312104', 587, 1),
	(52307, 14, '2312101', 574, 1),
	(52308, 14, '2312101', 575, 2),
	(52309, 14, '2312104', 575, 2),
	(52310, 14, '2312101', 597, 1),
	(52311, 14, '2312101', 585, 2),
	(52312, 14, '2312101', 562, 1),
	(52313, 14, '2312101', 593, 1),
	(52314, 14, '2312104', 566, 2),
	(52315, 14, '2312101', 590, 2),
	(52316, 14, '2312101', 566, 2),
	(52317, 14, '2312104', 595, 1),
	(52318, 14, '2312101', 561, 1),
	(52319, 14, '2312107', 599, 1),
	(52320, 14, '2312101', 588, 2),
	(52321, 14, '2312142', 579, 2),
	(52322, 14, '2312101', 565, 2),
	(52323, 14, '2312104', 581, 2),
	(52324, 14, '2312104', 574, 1),
	(52325, 14, '2312101', 581, 2),
	(52326, 14, '2312101', 570, 1),
	(52327, 14, '2312101', 582, 1),
	(52328, 14, '2312104', 561, 1),
	(52329, 14, '2312101', 578, 2),
	(52330, 14, '2312101', 600, 1),
	(52331, 14, '2312142', 575, 2),
	(52332, 14, '2312104', 585, 2),
	(52333, 14, '2312101', 568, 2),
	(52334, 14, '2312101', 592, 2),
	(52335, 14, '2312104', 562, 1),
	(52336, 14, '2312101', 587, 1),
	(52337, 14, '2312104', 600, 2),
	(52338, 14, '2312101', 569, 4),
	(52339, 14, '2312104', 598, 2),
	(52340, 14, '2312101', 589, 1),
	(52341, 14, '2312104', 584, 1),
	(52342, 14, '2312101', 580, 2),
	(52343, 14, '2312101', 584, 2),
	(52344, 14, '2312101', 563, 1),
	(52345, 14, '2312104', 573, 2),
	(52346, 14, '2312101', 579, 2),
	(52347, 14, '2312101', 572, 1),
	(52348, 14, '2312142', 594, 2),
	(52349, 14, '2312104', 579, 2),
	(52350, 14, '2312101', 567, 3),
	(52351, 14, '2312101', 586, 2),
	(52352, 14, '2312101', 583, 2),
	(52353, 14, '2312101', 595, 1),
	(52354, 14, '2312101', 591, 2),
	(52355, 14, '2312101', 596, 1),
	(52356, 14, '2312104', 589, 1),
	(52357, 14, '2312107', 597, 1),
	(52358, 14, '2312101', 573, 2),
	(52359, 14, '2312101', 577, 2),
	(52360, 14, '2312104', 571, 1),
	(52361, 14, '2312101', 598, 2),
	(52362, 14, '2312107', 598, 0),
	(52363, 14, '2312142', 596, 1),
	(52364, 14, '2312104', 593, 1),
	(52365, 14, '2312104', 594, 1),
	(52366, 14, '2312104', 578, 2),
	(52367, 14, '2312107', 582, 1),
	(52368, 14, '2312107', 562, 1),
	(52369, 14, '2312104', 588, 1),
	(52370, 14, '2312104', 590, 2),
	(52371, 14, '2312142', 571, 1),
	(52372, 14, '2312104', 592, 2),
	(52373, 14, '2312104', 576, 2),
	(52374, 14, '2312107', 585, 2),
	(52375, 14, '2312107', 581, 2),
	(52376, 14, '2312104', 596, 1),
	(52377, 14, '2312107', 586, 2),
	(52378, 14, '2312107', 564, 2),
	(52379, 14, '2312104', 599, 1),
	(52380, 14, '2312142', 586, 2),
	(52381, 14, '2312104', 583, 1),
	(52382, 14, '2312107', 590, 1),
	(52383, 14, '2312107', 574, 1),
	(52384, 14, '2312142', 600, 1),
	(52385, 14, '2312104', 567, 3),
	(52386, 14, '2312107', 569, 4),
	(52387, 14, '2312142', 567, 3),
	(52388, 14, '2312107', 579, 2),
	(52389, 14, '2312107', 584, 1),
	(52390, 14, '2312104', 569, 4),
	(52391, 14, '2312142', 587, 1),
	(52392, 14, '2312107', 580, 2),
	(52393, 14, '2312104', 564, 2),
	(52394, 14, '2312104', 570, 1),
	(52395, 14, '2312107', 589, 1),
	(52396, 14, '2312107', 563, 2),
	(52397, 14, '2312107', 593, 1),
	(52398, 14, '2312104', 597, 1),
	(52399, 14, '2312107', 561, 1),
	(52400, 14, '2312107', 565, 1),
	(52401, 14, '2312104', 563, 1),
	(52402, 14, '2312107', 568, 2),
	(52403, 14, '2312142', 582, 2),
	(52404, 14, '2312107', 587, 1),
	(52405, 14, '2312104', 565, 1),
	(52406, 14, '2312107', 571, 1),
	(52407, 14, '2312104', 577, 1),
	(52408, 14, '2312107', 572, 1),
	(52409, 14, '2312142', 593, 1),
	(52410, 14, '2312107', 578, 2),
	(52411, 14, '2312142', 588, 1),
	(52412, 14, '2312107', 596, 1),
	(52413, 14, '2312107', 575, 2),
	(52414, 14, '2312142', 569, 4),
	(52415, 14, '2312104', 591, 1),
	(52416, 14, '2312107', 588, 2),
	(52417, 14, '2312142', 562, 1),
	(52418, 14, '2312107', 567, 1),
	(52419, 14, '2312142', 564, 2),
	(52420, 14, '2312107', 576, 1),
	(52421, 14, '2312107', 573, 2),
	(52422, 14, '2312142', 595, 1),
	(52423, 14, '2312104', 580, 2),
	(52424, 14, '2312107', 570, 1),
	(52425, 14, '2312142', 590, 2),
	(52426, 14, '2312107', 591, 1),
	(52427, 14, '2312104', 586, 2),
	(52428, 14, '2312107', 592, 1),
	(52429, 14, '2312142', 592, 1),
	(52430, 14, '2312142', 581, 1),
	(52431, 14, '2312107', 566, 0),
	(52432, 14, '2312142', 573, 2),
	(52433, 14, '2312142', 589, 2),
	(52434, 14, '2312107', 600, 1),
	(52435, 14, '2312142', 565, 1),
	(52436, 14, '2312107', 577, 1),
	(52437, 14, '2312142', 591, 1),
	(52438, 14, '2312142', 597, 2),
	(52439, 14, '2312142', 580, 2),
	(52440, 14, '2312142', 576, 2),
	(52441, 14, '2312142', 598, 2),
	(52442, 14, '2312107', 583, 1),
	(52443, 14, '2312107', 594, 1),
	(52444, 14, '2312107', 595, 1);



-- pg_dump: processing data for table "student"
INSERT INTO student VALUES
	('1612103', 'Ahsan Iftikhar'),
	('1612117', 'Maryam Liaquat'),
	('1612134', 'Syed Shujjat Ali Rizvi'),
	('1612140', 'Aartee Simran Dhomeja'),
	('1612141', 'Abdul Sami Hameed'),
	('1612143', 'Afaque Anwer Ali Khowaja'),
	('1612144', 'Ali Khan Mehboob Sachwani'),
	('1612145', 'Ali Sher Muhammad Aslam Alwani'),
	('1612149', 'Daniyal Akbar'),
	('1612151', 'Hamza Waleem Chowdhrey'),
	('1612153', 'Kulsum Siddiqui'),
	('1612155', 'Maha Amin Ahmad'),
	('1612156', 'Mariam Safdar'),
	('1612157', 'Mathan'),
	('1612159', 'Muhammad Ibrahim Khalil'),
	('1612162', 'Muhammad Jalal Sikandar'),
	('1612163', 'Muhammad Shaheer Siddiqui'),
	('1612165', 'Muhammad Tabish Jawaid'),
	('1612166', 'Muhammad Tameem'),
	('1612168', 'Rahul Lal'),
	('1612169', 'Rajesh Kumar'),
	('1612170', 'Rida Abdul Rashid'),
	('1612171', 'Rida Mukaddam'),
	('1612172', 'Sara Shaiq'),
	('1612303', 'Usama Khalid'),
	('1612311', 'Uzair Ahmed'),
	('1512126', 'Suleman Ali'),
	('1512228', 'Muhammad Humayun Aziz'),
	('1612179', 'Abdul Ahad Khan'),
	('1612181', 'Ahsan Amir Ali Mollani'),
	('1612182', 'Akash Kumar'),
	('1612184', 'Bilal Ahmed'),
	('1612185', 'Bushra Muhammad Kamil'),
	('1612190', 'Junaid Ahmed'),
	('1612193', 'Mohammad Dawood Khan'),
	('1612194', 'Muhammad Ahmed Siddiqui'),
	('1612195', 'Muhammad Hassan'),
	('1612196', 'Muhammad Saif Khan'),
	('1612197', 'Muhammad Shayan Akram Munshi'),
	('1612198', 'Muhammad Sufiyan Kundan'),
	('1612199', 'Muhammad Zubair Abdullah'),
	('1612200', 'Mustafa'),
	('1612201', 'Nazeer Ahmed'),
	('1612202', 'Nazim Firdous Ali Mandviwala'),
	('1612203', 'Omer Bin Habib'),
	('1612204', 'Paras Urf Sunny'),
	('1612207', 'Selina Alicia Wilson'),
	('1612209', 'Sufyan Shah'),
	('1612210', 'Sunil Kumar'),
	('1612211', 'Tayyaba Rafiq'),
	('1612306', 'Shayan Iqbal Shaikh'),
	('1612158', 'Muhammad Ahsan'),
	('1612261', 'Ajay Kumar Kataria'),
	('1612262', 'Akshay Lal'),
	('1612263', 'Ali Javed'),
	('1612265', 'Anas Akram Qureshi'),
	('1612266', 'Attaullah Brohi'),
	('1612268', 'Bilal Waqar Hasan'),
	('1612270', 'Faseeh Tahir Memon'),
	('1612272', 'Hasnain Aabdani'),
	('1612273', 'Hunain Ahmed'),
	('1612274', 'Jairam Gopechandani'),
	('1612275', 'M Raza Bin Abid'),
	('1612278', 'Muhammad Saad Vakil'),
	('1612279', 'Muhammad Ameen Tahseen'),
	('1612280', 'Muhammad Bilal Aleem'),
	('1612281', 'Muhammad Daniyal Wasi'),
	('1612283', 'Muhammad Maaz Umer'),
	('1612284', 'Muhammad Osama Khan'),
	('1612285', 'Muhammad Umar Sohail'),
	('1612286', 'Muhammad Zain Uddin'),
	('1612289', 'Noor Saqib Vohra'),
	('1612305', 'Fasih Zaman Siddiqui'),
	('1612133', 'Syed Muhammad Kazim'),
	('1612135', 'Syed Sibte Abbas Rizvi'),
	('1612136', 'Uzair Tariq'),
	('1612139', 'Zian Barkat Ali'),
	('1612173', 'Shweta Dhingana'),
	('1612174', 'Sukaina Mukhtar'),
	('1612175', 'Syed Asfand Hussain Shah'),
	('1612176', 'Wali Muhammad Khubaib'),
	('1612177', 'Zaid Raza'),
	('1612178', 'Zia Ul Hassan'),
	('1612212', 'Umair Riaz Abbasi'),
	('1612213', 'Umar Sharif'),
	('1612214', 'Versha Jagat Mankani'),
	('1612215', 'Vinay Kumar'),
	('1612217', 'Warjeet Lal Kungreja'),
	('1612218', 'Zeeshan Ahmed Shaikh'),
	('1612251', 'Saim Adnan'),
	('1612255', 'Syed Muhammad Kazim Naqvi'),
	('1612257', 'Tabish Taufiq Khalani'),
	('1612258', 'Zohair Lokhandwala'),
	('1612292', 'Sana Abu Ali Sheikh'),
	('1612294', 'Satiwan'),
	('1612297', 'Syeda Sania Jamshed'),
	('1612304', 'Asad Hanif'),
	('1612308', 'Alishba Agha'),
	('1612309', 'Shayan Aurangzeb'),
	('1612310', 'Mir Muhammad Magsi'),
	('1732102', 'Asim Riaz'),
	('1512286', 'Syed Muhammad Hamza'),
	('1512287', 'Wardah Aamer'),
	('1712101', 'Abdul Qadir Sher Gulab Khan'),
	('1712102', 'Adnan Aslam'),
	('1712105', 'Anas Muhammad Ali'),
	('1712106', 'Ayesha Qamaruzzaman Khan'),
	('1712107', 'Hafsa Zahir'),
	('1712108', 'Hamza Kashif'),
	('1712109', 'Hamza Zoeb'),
	('1712110', 'Haseeb Hashwani'),
	('1712112', 'Inaara Kalani'),
	('1712113', 'Jagdesh Tulsi'),
	('1712114', 'Jamshed Pervez'),
	('1712115', 'Junaid Ahmed Qureshi'),
	('1712116', 'Mahek Muhammed Iqbal Peerwani'),
	('1712117', 'Mahesh Kumar'),
	('1712118', 'Manal Zahid Siddique'),
	('1712119', 'Mohammad Ali Akber'),
	('1712121', 'Muhammad Laraib Janjua'),
	('1712122', 'Muhammad Ali'),
	('1712123', 'Muhammad Hammad Ikram'),
	('1712124', 'Muhammad Umar Khan'),
	('1712127', 'Omer Farooq'),
	('1712128', 'Qasim Aftab Sheikh'),
	('1712129', 'Salar Ali Choudhry'),
	('1712130', 'Sayed Saif Arslan Inam Shah'),
	('1712131', 'Sohaib Roomi'),
	('1712132', 'Syed Ali Raza Jaffri'),
	('1712134', 'Trun Raj Pal'),
	('1712135', 'Umaima Talib'),
	('1712136', 'Usama Usman'),
	('1712137', 'Zain Habibullah Baloch'),
	('1712138', 'Zain Abbas Punjwani'),
	('1712139', 'Zohaib Shah Nizar'),
	('1712300', 'Laiba Asim'),
	('1712144', 'Ehtasham Ather'),
	('1712147', 'Hira Fatima Sheharyar'),
	('1712148', 'Humza Farhan Samiullah'),
	('1712149', 'Huzaifa Hussain'),
	('1712150', 'Jawad Javaid'),
	('1712153', 'Lamya Halai'),
	('1712154', 'Maham Azam'),
	('1712157', 'Muhammad Talha Baig'),
	('1712163', 'Muhammad Saad Sohail'),
	('1712164', 'Muhammad Salman Awan'),
	('1712165', 'Muhammad Usman Pervaiz'),
	('1712166', 'Narotam Das'),
	('1712167', 'Naveed Azfar Khan'),
	('1712168', 'Paresh Rahool'),
	('1712169', 'Rohaan Faisal'),
	('1712170', 'Sanjay Kumar'),
	('1712171', 'Shahzadi Zainab Zahid'),
	('1712173', 'Soha Aftab'),
	('1712174', 'Suraksha Vijay Kumar Ramchandani'),
	('1712175', 'Syed Hur Abbas Naqvi'),
	('1712176', 'Syed Huzaifa Ali'),
	('1712177', 'Syed Muhammad Atif Bukhari'),
	('1712178', 'Wasil Anwar'),
	('1712301', 'Zahir Ali Salyani'),
	('1512118', 'Parshant Jagwani'),
	('1512119', 'Priya Khatri'),
	('1512166', 'Shayaan Varzgani'),
	('1512268', 'Shahzaib Ajaz Aziz Durrani'),
	('1512274', 'Taaiba Mohammad Khalid'),
	('1612112', 'Farrukh Adil'),
	('1612123', 'Muhammad Mustufa Kamal Siddiqui'),
	('1612129', 'Sameer Advani'),
	('1612164', 'Muhammad Sharjeel Naeem'),
	('1612167', 'Poonam Khatri'),
	('1612221', 'Ali Shahzad Khan'),
	('1612230', 'Hasnain Sohail'),
	('1612231', 'Jahanzaib Awan'),
	('1612233', 'Kapil Dev'),
	('1612234', 'Karan Kumar'),
	('1612236', 'Love Kumar Lalwani'),
	('1612239', 'Muhammad Ahmed Aijaz'),
	('1612243', 'Muhammed Osama Shaikh'),
	('1612287', 'Mujeeb Ahmed Awan'),
	('1612296', 'Sheryar Gulzar Ali Ladhwani'),
	('1612298', 'Mir Balach Jarwar'),
	('1612315', 'Abdullah Muhammad'),
	('1612318', 'Muhammad Irtiza Raza'),
	('1712104', 'Amna Nasir Bawa'),
	('1712111', 'Ibrahim Hussain Galya'),
	('1712125', 'Muneeb Ahmed'),
	('1712142', 'Chandan Kumar'),
	('1712143', 'Daniyal Faseeh'),
	('1712145', 'Esa Anjum'),
	('1712151', 'Kapil Kumar'),
	('1712152', 'Khurram Asif'),
	('1712172', 'Shayan Ur Rehman Siddiqui'),
	('1712180', 'Abdul Wasay'),
	('1712181', 'Abdullah Meraj Pracha'),
	('1712182', 'Agha Muhammad Ammar Mirza'),
	('1712183', 'Ahmad Raza'),
	('1712184', 'Ahmed Mohammed Bashir'),
	('1712185', 'Ali Shan Momin'),
	('1712189', 'Asbah Jaffri'),
	('1712190', 'Faisal Jamil'),
	('1712193', 'Hisham Akhtar'),
	('1712194', 'Jay Sunder'),
	('1712196', 'Muhammad Dawood Ul Hassan'),
	('1712197', 'Muhammad Hammad Arif'),
	('1712198', 'Muhammad Maaz Khan'),
	('1712199', 'Muhammad Muddasir'),
	('1712200', 'Muhammad Rizzan Imran'),
	('1712201', 'Muhammad Munil Anjum'),
	('1712202', 'Mustafa Mirza Kanjiyani'),
	('1712203', 'Nisha'),
	('1712204', 'Nitesh Kumar'),
	('1712208', 'Rauf Momin'),
	('1712210', 'Rubab Asif'),
	('1712211', 'Saifil Shamsuddin Momin'),
	('1712213', 'Shahul Momin'),
	('1712214', 'Shariq Ansari'),
	('1712217', 'Zeerak Naveed'),
	('1412112', 'Malik Azaz Khan'),
	('1712218', 'Aadesh Kumar'),
	('1712221', 'Arbaz Khan Afridi'),
	('1712222', 'Basit Raza'),
	('1712226', 'Eliza John Chohan'),
	('1712231', 'Muhammad Ali Saeed Motiwala'),
	('1712236', 'Muhammad Shaheem Khan'),
	('1712237', 'Muhammad Sufyan Rangoonwala'),
	('1712242', 'Saad Tariq'),
	('1712243', 'Saad Uddin Ahmed'),
	('1712245', 'Shahnoor Ahmed Khan'),
	('1712246', 'Shahzaib Sher Ali Muradani'),
	('1712248', 'Syed Saqlain Shah'),
	('1712250', 'Talal Abbas Jafri'),
	('1712251', 'Tazeen Fatima'),
	('1712252', 'Umer Nasir'),
	('1712253', 'Umer Rehman'),
	('1712255', 'Zahara Quresh'),
	('9912100', 'Dr. Husnain Mansoor Ali '),
	('9912101', 'Dr. Adeel Ansari        '),
	('9912103', 'Asim Riaz               '),
	('9912104', 'Muhammad Shahzad Haroon '),
	('1912231', 'Mohammad Areeb Faisal'),
	('1912392', 'Katie Homi Khambata'),
	('1912395', 'Muhammad Irtiza Shaikh'),
	('2012101', 'Aayush Kumar'),
	('2012102', 'Abdullah Shaikh'),
	('2012103', 'Ahanaf Hassan'),
	('2012104', 'Ahmer Ali'),
	('2012105', 'Ahsan Khursheed M. Khan'),
	('2012106', 'Amna Ahmed Mangi'),
	('2012107', 'Anish Kumar'),
	('2012108', 'Ankosh Kumar '),
	('2012109', 'Anzalna Anis'),
	('2012110', 'Arslan Ali'),
	('2012111', 'Arun Raj'),
	('2012112', 'Asfar Ali'),
	('2012113', 'Ashish Kumar'),
	('2012114', 'Deepak Veerani'),
	('2012115', 'Doulat Kumar'),
	('2012116', 'Faraz Hussain Mangwano'),
	('2012117', 'Fizza Rafiq Ali'),
	('2012118', 'Hamid Ali'),
	('2012119', 'Hammad Anwar'),
	('2012120', 'Jatesh Lohana'),
	('2012121', 'Khizar Ahmed Bhatti'),
	('2012122', 'Meet Kumar Lohana'),
	('2012124', 'Muhammad Taimoor Khan'),
	('2012125', 'Muhammad Mubeen Soomro'),
	('2012126', 'Muhammad Saad'),
	('2012127', 'Naveen Kumar Kingrani'),
	('2012129', 'Rohan Kumar Veerwani'),
	('2012130', 'Sachan Kumar'),
	('2012131', 'Sahil Katyara'),
	('2012132', 'Sahil Kumar'),
	('2012133', 'Sahil Kumar'),
	('2012134', 'Sahil Kumar Hindu'),
	('2012135', 'Sania Merchant'),
	('2012136', 'Seeba Marediya'),
	('2012137', 'Shajji Ahmed'),
	('2012138', 'Shivani Shamnani'),
	('2012139', 'Sundeep Kumar'),
	('2012140', 'Syeda Umaima Fatima'),
	('2012141', 'Tahir Ali Asghar'),
	('2012143', 'Vikas Kingrani'),
	('2012144', 'Vikash Kumar'),
	('2012145', 'Vishal Kumar'),
	('2012416', 'Muhammad Uzair'),
	('2012281', 'Abdul Muneeb'),
	('2012282', 'Abiali Qutbuddin Gadiwala'),
	('2012283', 'Aiman Siddiqui'),
	('2012284', 'Aleem Maknojia'),
	('2012285', 'Ali Asar Khowaja'),
	('2012286', 'Ali Iqbal Rashid'),
	('2012287', 'Alishah Akber Amin'),
	('2012288', 'Ammar Jawed Syed'),
	('2012289', 'Aqsa Mehmood Gaad'),
	('2012290', 'Asad Ali'),
	('2012291', 'Bilal Saeed'),
	('2012292', 'Bilal Pervez'),
	('2012293', 'Hammad Suleman Khan'),
	('2012294', 'Hareem Kalhoro'),
	('2012295', 'Jashwant Raysi Maheshwary'),
	('2012296', 'Kainaat Rafiqhussain Makhani'),
	('2012297', 'Kirshna Batra'),
	('2012298', 'Kripa Devi'),
	('2012299', 'Laksh Ajeet'),
	('2012300', 'Mohammad Rehmatullah Wadi Wala'),
	('2012301', 'Moiz Hussain Jamnagar'),
	('2012302', 'Muhammad Ali'),
	('2012303', 'Muhammad Ahmed Kamran'),
	('2012304', 'Muhammad Sarim Effendi'),
	('2012305', 'Muhammad Umair Khan'),
	('2012306', 'Nabi Bukhsh Jawed'),
	('2012307', 'Najeeb Ullah'),
	('2012308', 'Nensi Hindu'),
	('2012309', 'Obaid Ul Haq Khan'),
	('2012310', 'Parkash Kumar'),
	('2012311', 'Piyush Kukreja'),
	('2012312', 'Qirat Sohail'),
	('2012313', 'Raksha Kumari'),
	('2012314', 'Saad Abdul Sami'),
	('2012315', 'Saadat Ali'),
	('2012316', 'Sandhesh Kumar'),
	('2012317', 'Shahzeel Hameed Ansari'),
	('2012318', 'Sheetal Golani'),
	('2012319', 'Sheikh Moosa Ali'),
	('2012320', 'Sohasi Kataria'),
	('2012321', 'Syed Mehdi Abbas'),
	('2012322', 'Syed Muhammad Sauood'),
	('2012323', 'Usama Muhammad Afzal'),
	('2012324', 'Vandina Dodeja'),
	('2012325', 'Zeyaan Muhammad'),
	('2012420', 'Abdul Basit Khan'),
	('2012421', 'Muhammad Saif Ur Rehman Qureshi'),
	('1812150', 'Harmeet Jot'),
	('1812151', 'Hasnain Haider'),
	('1812153', 'Hunzala Ali'),
	('1812156', 'Malik Muhammad Basim Mansoor'),
	('1812157', 'Manish Mulchandani'),
	('1812159', 'Mohammad Hassan'),
	('1812161', 'Muhammad Hussain Ahmed'),
	('1812165', 'Ramesh Kumar'),
	('1812170', 'Sheikh Muhammad Asad'),
	('1812172', 'Syed Abdul Rafay'),
	('1812174', 'Syed Rafay Hasan'),
	('1812178', 'Abdul Hannan'),
	('1812179', 'Ahad Salman'),
	('1812180', 'Aqsa Shabir'),
	('1812181', 'Ashish Ali Umatia'),
	('1812182', 'Asif Ahmed'),
	('1812184', 'Fareeha Farooq'),
	('1812185', 'Hafsa Rehman'),
	('1812186', 'Har Pireet Wadhwani'),
	('1812187', 'Kamran Yaqub'),
	('1812188', 'Kashish Chhatani'),
	('1812189', 'Manav Kirshan Thontia'),
	('1812190', 'Mehak Lund'),
	('1812193', 'Muhammad Hassan Nadeem'),
	('1812197', 'Neeraj'),
	('1812201', 'Rimsha Nadeem'),
	('1812202', 'Rohan'),
	('1812204', 'Saad Ahmed Ali'),
	('1812206', 'Salman Ali Mughal'),
	('1812210', 'Tahir Ahmed Syed'),
	('1812228', 'Irfan Leghari'),
	('1812240', 'Muhammad Usman Aaka'),
	('1812326', 'Omar Farooq Malik'),
	('1812330', 'Farhan Ali'),
	('1812207', 'Shah Hussain Brohi'),
	('1812212', 'Umer Nasir'),
	('1812213', 'Virender Chawla'),
	('1812214', 'Wahaj Rashid'),
	('1812215', 'Abdur Rehman'),
	('1812217', 'Afreen Ahmed Baloch'),
	('1812226', 'Haneen Aijaz'),
	('1812227', 'Haziq Javed'),
	('1812229', 'Isbah Rizwan Gangani'),
	('1812231', 'Mahnoor Ashfaq'),
	('1812234', 'Mohammad Hassan Sohail'),
	('1812239', 'Muhammad Saad Yasin'),
	('1812241', 'Muhammed Ahmed'),
	('1812243', 'Osama Hasan Mahmood'),
	('1812247', 'Shayan Ahmed'),
	('1812250', 'Syed Bilal Haider'),
	('1812254', 'Abdul Wasay'),
	('1812255', 'Abdullah Saeed Shaikh'),
	('1812257', 'Anzeela Fatima'),
	('1812261', 'Dawood Mustafa Khan'),
	('1812262', 'Esha Rashid'),
	('1812263', 'Ghulam Mustafa'),
	('1812264', 'Hamza Hussain'),
	('1812279', 'Rumsha Naseem Khan'),
	('1612219', 'Abdur Arham Khatri'),
	('1612252', 'Sheikh Muhammad Jawad'),
	('1612317', 'Saiyida Noorulain Fatima'),
	('1812101', 'Ali Hussain Haneef'),
	('1812102', 'Alishan Nadeem Buddha'),
	('1812103', 'Aqib'),
	('1812104', 'Asim Ebrahim Khatri'),
	('1812105', 'Atif Aziz Memon'),
	('1812106', 'Azmeer'),
	('1812108', 'Danish Khowaja'),
	('1812109', 'Daniyal Riaz Malik'),
	('1812110', 'Elliott Francis Joseph'),
	('1812111', 'Hafeez Ur Rehman'),
	('1812112', 'Hafiz Syed Muhammad Umer Ali'),
	('1812113', 'Hiba Zakir'),
	('1812114', 'Hirdesh Kumar'),
	('1812115', 'Izhar Karim Baig'),
	('1812116', 'Javed'),
	('1812117', 'Mahek Dembra'),
	('1812118', 'Malik Rafaquat'),
	('1812120', 'Muhammad Anas'),
	('1812121', 'Muhammad Asad Ur Rehman Nadeem'),
	('1812122', 'Muhammad Obaid'),
	('1812123', 'Muhammad Rashwan Ur Rehman Siddiqui'),
	('1812124', 'Muhammad Tayyab'),
	('1812125', 'Muskan'),
	('1812126', 'Nabeel'),
	('1812127', 'Neha Bai'),
	('1812128', 'Nitin Kumar'),
	('1812130', 'Rajni Bai'),
	('1812134', 'Syed Mustafa Imam'),
	('1812137', 'Muhammad Usama'),
	('1812139', 'Abdul Rehman'),
	('1812143', 'Ali Muhammad'),
	('1812147', 'Aqsa'),
	('1812149', 'Fiza Ahmed'),
	('1812152', 'Hassaan Ali'),
	('1812155', 'Laiba Abid'),
	('1812158', 'Mian Abdul Manan Qureshi'),
	('1812162', 'Muhammad Anas Rana'),
	('1812163', 'Nida Nadeem'),
	('1812166', 'Sakshi Bai'),
	('1812167', 'Salman Budha'),
	('1812176', 'Zeeshan Waqar'),
	('1812196', 'Muskan Momin'),
	('1812221', 'Ammar Ahmed'),
	('1812224', 'Bushra Malik Shaikh'),
	('1812225', 'Danish Kumar'),
	('1812236', 'Mudassir Ahmed Siddiqui'),
	('1812237', 'Muhammad Hasan Qasim'),
	('1812242', 'Naqeeb Naushad'),
	('1812245', 'Sana Shujrah'),
	('1812246', 'Sarwan Usto'),
	('1812248', 'Sunila Zulfiqar'),
	('1812315', 'Muhib Ur Rehman'),
	('1812327', 'Ahsaan Khatri'),
	('1812328', 'Om Parkash'),
	('1812335', 'Ali Ahmed Khan'),
	('1812129', 'Rahul Gianchandani'),
	('1812131', 'Rohan Kukreja'),
	('1812132', 'Muhammad Shakir Yasin'),
	('1812133', 'Syed Muhammad Abu Talha'),
	('1812135', 'Syed Hurrar Hasan Rizvi'),
	('1812136', 'Tajwar Nazim Shah'),
	('1812138', 'Usman Raza'),
	('1812140', 'Abdul Moiz Qureshi'),
	('1812141', 'Abdul Samad Abdul Rauf Salat'),
	('1812142', 'Ahmed Hanif'),
	('1812145', 'Anjalee Jung'),
	('1812146', 'Anosha Koonger'),
	('1812154', 'Kumail Bukhari'),
	('1812164', 'Rai Muhammad Rafay Uz Zaman'),
	('1812169', 'Sayyan Sohail'),
	('1812171', 'Sunaina Ochani'),
	('1812173', 'Syed Muhammad Abbas Raza'),
	('1812175', 'Yousuf Abbas Lakdawala'),
	('1812177', 'Abdul Rehman Ijaz'),
	('1812183', 'Daniyal Ahmed'),
	('1812192', 'Muhammad Mubeen Shah'),
	('1812195', 'Muhammad Sarib'),
	('1812205', 'Saad Habib Siddiqui'),
	('1812208', 'Syed Nisar'),
	('1812218', 'Ahsan Hamid'),
	('1812219', 'Ali Bin Khalid'),
	('1812220', 'Ali Irtiza'),
	('1812230', 'Kashish Shewani'),
	('1812232', 'Minhal Abbas'),
	('1812233', 'Mohammad Hasnain'),
	('1812235', 'Mohammad Zain Ur Rehman'),
	('1812238', 'Muhammad Rafay Nadeem'),
	('1812244', 'Rana Omer Akhtar'),
	('1812251', 'Uneeb Ahmed'),
	('1812252', 'Zohaib Mohammed Ali'),
	('9912105', 'Maira Sami'),
	('9912106', 'Muhammad Asim Ali'),
	('2012372', 'Ahil Arif Deerani'),
	('2012373', 'Ahzam Mukarram Khan'),
	('2012374', 'Ali Zafar Qureshi'),
	('2012375', 'Aman .'),
	('2012376', 'Atta Ur Rehman'),
	('2012377', 'Chandras Ayush'),
	('2012378', 'Erum Shehzadi'),
	('2012379', 'Fahad Iqbal'),
	('2012380', 'Faiez Waseem'),
	('2012381', 'Gaitri Punjwani'),
	('2012382', 'Hana Noor'),
	('2012383', 'Hani Shah'),
	('2012384', 'Hasnain Ali'),
	('2012385', 'Huzaifa Ali Khan'),
	('2012386', 'Javeria Shaikh'),
	('2012389', 'Mohammad Ali'),
	('2012390', 'Muhammad Faseeh Shahid'),
	('2012391', 'Muhammad Hamza'),
	('2012392', 'Muhammad Hamza Shamsi'),
	('2012393', 'Muhammad Mohsin Khan'),
	('2012394', 'Muhammad Muqarrab Ali'),
	('2012395', 'Muhammad Sajjad'),
	('2012396', 'Muhmmad Owais Khalid'),
	('2012397', 'Muskan Thahim'),
	('2012398', 'Nabeel Hussain'),
	('2012399', 'Naveed Saddruddin'),
	('2012400', 'Nimarta Kingrani'),
	('2012401', 'Rabeya Tasleem'),
	('2012402', 'Ronit Kumar'),
	('2012403', 'Safwan Uddin Mairaj'),
	('2012404', 'Sameeh Raza'),
	('2012405', 'Samrah Durrani'),
	('2012407', 'Shayan Hussain'),
	('2012408', 'Shilpa Kumari'),
	('2012409', 'Suleman Hanif'),
	('2012410', 'Syed Asad Hussain Kazmi'),
	('2012411', 'Syeda Sara Naqvi'),
	('2012412', 'Umair Khan'),
	('2012413', 'Vinay Kumar'),
	('2012414', 'Vineeta Chawla'),
	('2012415', 'Zain Ahmed Multani'),
	('1812265', 'Hiba Furqan'),
	('2012147', 'Ahmed Bin Abdullah'),
	('2012148', 'Alishan Khowaja'),
	('2012149', 'Aman Khuwaja'),
	('2012150', 'Aneel'),
	('2012152', 'Bilal Yousuf Bilal Yousuf'),
	('2012153', 'Chand Mevaram'),
	('2012154', 'Faiza Farooq'),
	('2012155', 'Ghazanfar Haider Golani'),
	('2012156', 'Hammad Aslam'),
	('2012157', 'Hamza Ahmed Siddiqui'),
	('2012158', 'Hanium Iqbal'),
	('2012161', 'Keertan Kumar Talreja'),
	('2012162', 'Laiba Hasan'),
	('2012163', 'Laksh Nanwani'),
	('2012166', 'Mufaddal Hatim Dabbawala'),
	('2012169', 'Muhammad Umer Saeed'),
	('2012171', 'Muhammad Hassan Mirza'),
	('2012172', 'Muhammad Talha'),
	('2012173', 'Mustafa Abbas'),
	('2012174', 'Nabeela Rehman Wazir'),
	('2012175', 'Padma Kumari Talreja'),
	('2012176', 'Qurratulain Qamruddin Mawani'),
	('2012177', 'Raheem Jawed'),
	('2012179', 'Romessa Nazir Palijo'),
	('2012180', 'Sagar Kumar'),
	('2012181', 'Sahil Kumar'),
	('2012183', 'Sarah Amir'),
	('2012184', 'Sarmad Saeed Soomro'),
	('2012185', 'Sheheryar Khan Afridi'),
	('2012186', 'Soha Mehfooz'),
	('2012187', 'Syed Muhammad Ali Hussain Qadri'),
	('2012189', 'Wajahat Ali'),
	('2012190', 'Zahabiya Moiz Hussain'),
	('2012417', 'Syeda Laiba Sabir'),
	('2112282', 'Noor Ahmed'),
	('2112324', 'Omer Siddiqui'),
	('9912107', 'Sadia Aziz'),
	('1912391', 'Bilal Qader'),
	('2112299', 'Abdul Haseeb Majid'),
	('2112300', 'Ahmed Ibrahim'),
	('2112301', 'Aimen Asim'),
	('2112302', 'Ameem Uddin Ahmed'),
	('2112303', 'Ayaan Ahmed'),
	('2112304', 'Ayush Kumar Talreja'),
	('2112305', 'Huzaifa Hanif'),
	('2112306', 'Jetha Nand'),
	('2112307', 'Karan Kumar'),
	('2112308', 'Karishma Bai'),
	('2112309', 'Khawalid Mehmood'),
	('2112310', 'Koonj Mahnoor'),
	('2112311', 'Kulsoom Asim'),
	('2112312', 'Mazin Bhagwanee'),
	('2112313', 'Minahil Khan'),
	('2112314', 'Mohammad Arqam Nakhuda'),
	('2112315', 'Muhammad Suhaib'),
	('2112316', 'Muhammad Abbas Abid'),
	('2112317', 'Muhammad Ali Adil Sarwar'),
	('2112318', 'Muhammad Asad Saeed'),
	('2112319', 'Muhammad Farjad Ghani'),
	('2112320', 'Muhammad Hassan Ashraf'),
	('2112321', 'Muhammad Jahanzaib Baig'),
	('2112322', 'Muhammad Wajih Rashid'),
	('2112323', 'Naveen Kumar'),
	('2112325', 'Rabeel Kumari'),
	('2112326', 'Saad Qasim'),
	('2112327', 'Shahab Mustafa Daudpota'),
	('2112328', 'Shahzaad Sultan Ali'),
	('2112329', 'Subhash Chandar Khatri'),
	('2112330', 'Sufyan Sajjad'),
	('2112331', 'Syed Mehdi Abbas Naqvi'),
	('2112333', 'Syed Haris Ahmed'),
	('2112334', 'Syed Mohammad Mujtaba Abbbas'),
	('2112335', 'Syed Sabih Ghufran Naqvi'),
	('2112336', 'Tuba Nauran'),
	('2112337', 'Umer Ahmed'),
	('2112338', 'Usman Bin Obaid'),
	('2112339', 'Varun Kumar Rathi'),
	('2012362', 'Rohail Rathore'),
	('2112102', 'Ajia Athar'),
	('2112103', 'Akshat Kishore'),
	('2112104', 'Aliyan Sayani'),
	('2112105', 'Asad Awan'),
	('2112106', 'Asma Hafiz Mirnawaz '),
	('2112107', 'Avisha Kataria'),
	('2112108', 'Chankia Pahwani'),
	('2112109', 'Duaa Ali'),
	('2112110', 'Ebad Khan'),
	('2112112', 'Hareem Fatima Fatima'),
	('2112113', 'Hussam Wasti'),
	('2112114', 'Iqbal Shah Nadir'),
	('2112117', 'Mohammad Hadi'),
	('2112118', 'Muhammad Saad'),
	('2112120', 'Murtaza Ali Qazi'),
	('2112121', 'Mustan Ali'),
	('2112122', 'Rateesh Kumar'),
	('2112123', 'Rida Fatima'),
	('2112124', 'Roha Ali'),
	('2112125', 'Saada Asghar Ali Varsani'),
	('2112126', 'Sabih Ul Hassan'),
	('2112127', 'Sandeep Kumar'),
	('2112128', 'Sandya Nankani'),
	('2112129', 'Sanesh Kumar'),
	('2112130', 'Suhaib Tasleem'),
	('2112131', 'Syed Muhammad Abdullah Shah Hamdani'),
	('2112132', 'Syed Muneef Ur Rehman'),
	('2112134', 'Syed Wajahat Hussain'),
	('2112135', 'Syeda Mahnoor Hasan'),
	('2112136', 'Tooba Mushtaq Piracha'),
	('2112241', 'Umer Amir'),
	('2112242', 'Mazahir Abbas Merchant'),
	('2112243', 'Muhammad Mudassir'),
	('2112244', 'Muhammad Taha Jamal'),
	('2112245', 'Ritesh Kumar'),
	('2112340', 'Muhammad Shoaib Zafar'),
	('2112137', 'Abdul Basit'),
	('2112138', 'Anchal Bai'),
	('2112139', 'Areeba Sheikh'),
	('2112140', 'Arish Amin Muhammad Meghani'),
	('2112143', 'Ghazal E Ashar'),
	('2112144', 'Imran Ali'),
	('2112145', 'Mahad Hassan Asim'),
	('2112146', 'Mahira Muhammad Iqbal Peerwani'),
	('2112147', 'Manoj Kumar Talreja'),
	('2112148', 'Mohammad Ali Hassan'),
	('2112149', 'Mohammad Raza Shaikh'),
	('2112150', 'Mohammed Ali Zahir Ali Khowaja'),
	('2112151', 'Mubeen Naushad'),
	('2112153', 'Muhammad Hamza Javed'),
	('2112154', 'Muhammad Waqas Khan'),
	('2112156', 'Muhammad Abrar Junaid'),
	('2112157', 'Muhammad Aqrab'),
	('2112158', 'Muhammad Soban Mallick'),
	('2112159', 'Nijla Kamil'),
	('2112160', 'Rabia Adil Rasool'),
	('2112161', 'Ritika Assnani Lohana'),
	('2112162', 'Sadaf Khalid'),
	('2112163', 'Sandesh Kumar'),
	('2112165', 'Sehar Yousuf'),
	('2112166', 'Shahzeb Ahmed Iqbal'),
	('2112167', 'Syed Hamid Ali'),
	('2112168', 'Usama Habib'),
	('2112169', 'Zoun Ali Zoofi'),
	('2112246', 'Ali Haider'),
	('2112247', 'Muhammad Ammar Thahim'),
	('2112248', 'Paras Talpur'),
	('2112249', 'Shawn Michael'),
	('2112341', 'Asfund Ali Amjad'),
	('21108101', 'Ariba'),
	('21108102', 'Farzam Arshad Ali'),
	('21108104', 'Javeria Shah'),
	('21108105', 'Maria Ashraf'),
	('21108106', 'Mohammad Ahmed Jalali'),
	('21108108', 'Muhammad Aadil'),
	('21108109', 'Muhammad Shaheer'),
	('21108112', 'Muskan Keemat Madhwani'),
	('21108113', 'Nauman Nadeem Alam'),
	('21108115', 'Reenad Khan'),
	('21108116', 'Saad Khan'),
	('21108117', 'Subhan Nayyar'),
	('21108118', 'Sumera Baloch'),
	('21108120', 'Syed Hamza'),
	('21108121', 'Syed Mahd Shoaib'),
	('21108122', 'Syed Muhammad Daniyal Suhail'),
	('21108123', 'Syed Muhammad Momin Naqvi'),
	('21108124', 'Zulfiqar Azeem Fazal'),
	('21108125', 'Ali Ahad'),
	('21108126', 'Bilal Zakir'),
	('21108127', 'Ehsan Ullah Narejo'),
	('21108128', 'Haseeb Ur Rehman Niazi'),
	('21108129', 'Muhammad Aashir Chowdhari'),
	('21108130', 'Muhammad Ali'),
	('21108131', 'Muhammad Amin Rahu'),
	('21108133', 'Muhammad Mehdi'),
	('21108134', 'Rabia Afzal'),
	('21108135', 'Sanjay Kumar'),
	('21108136', 'Sarim Ali Pirzada'),
	('21108137', 'Shaheer Bin Amir'),
	('21108138', 'Shayaan Salim Mehrani'),
	('21108140', 'Suresh Maheshwari'),
	('21108141', 'Syed Ibad Ur Rehman'),
	('21108142', 'Syeda Aliya Jaffrey'),
	('21108143', 'Yawar Jamshed Matin'),
	('21108144', 'Mohit Kumar'),
	('21108145', 'Muhammad Maaz Irfan'),
	('1912178', 'Anas Sohail Quraishi'),
	('1912183', 'Dua Khan'),
	('1912190', 'Mir Muhammad Mazhar Virani'),
	('1912192', 'Muhammad Hamza'),
	('1912198', 'Nehal Faisal'),
	('1912199', 'Nihal Nooruddin Vidhani'),
	('1912204', 'Sami Akhtar Ali'),
	('1912206', 'Shehzad Ismail Khowaja'),
	('1912211', 'Taha Yousuf Ali'),
	('1912214', 'Uzair Fawad'),
	('1912319', 'Pardeep Kumar'),
	('1912333', 'Abdul Moeed Siddiqui'),
	('1912336', 'Aisha Faheem'),
	('1912347', 'Iqra Ghazal'),
	('1912351', 'Khizar Abdul Rahim'),
	('1912360', 'Qamber Ali'),
	('1912366', 'Sharon Agita Massey'),
	('1712146', 'Haider Saba'),
	('1812287', 'Umair Azhar'),
	('1912102', 'Abdullah Usmani'),
	('1912103', 'Absar Ahmed'),
	('1912104', 'Ammar Ahmed Khan'),
	('1912107', 'Atta E Rasool'),
	('1912112', 'Fazeel Ahmed'),
	('1912114', 'Hasan Jan Siddiqui'),
	('1912115', 'Izhan Alam Khan'),
	('1912120', 'Muhammad Jamshed Khan'),
	('1912121', 'Muhammad Kashan'),
	('1912127', 'Noman Azam'),
	('1912128', 'Rabia Bint E Nisar'),
	('1912131', 'Shehrayar Khan'),
	('1912133', 'Syed Murtaza Shah'),
	('1912135', 'Zain Ul Abedin Aslam Sheikh'),
	('1912138', 'Ali Asghar Zaidi'),
	('1912141', 'Anas Naveed'),
	('1912145', 'Hasan Abdul Moeed Khan'),
	('1912146', 'Idrees Mudar Darbar'),
	('1912156', 'Muhammad Ubaid Rathore'),
	('1912159', 'Muhammad Zaid'),
	('1912160', 'Nancy Kumari'),
	('1912161', 'Payal Wadhwani'),
	('1912162', 'Rafay Imtiaz Memon'),
	('1912163', 'Rameel Faisal'),
	('1912164', 'Rameen Aamir Khan'),
	('1912168', 'Samiullah Mughal'),
	('1912169', 'Sobia Muhammad Rizwan Dosani'),
	('1912170', 'Sunena Kumari'),
	('1912171', 'Syed Ahmed Hasan'),
	('1912172', 'Syed Mudassir Ul Haq'),
	('1912175', 'Zamam Ahmed'),
	('1912179', 'Anjalee'),
	('1912185', 'Fahad Amin Lakhani'),
	('1912187', 'Hassan Ur Rehman'),
	('1912194', 'Muhammad Mustafa'),
	('1912215', 'Affan Khurram'),
	('1912225', 'Hamdan Khan Saghri'),
	('1912227', 'Hammad Farman Ahmed Khan'),
	('1912228', 'Hassan Ali'),
	('1912229', 'Hussain Rafiq Tabani'),
	('1912235', 'Muhammad Ubaid Abdul Razzaq'),
	('1912236', 'Muhammad Ammar Memon'),
	('1912237', 'Muhammad Sameer Sajid'),
	('1912242', 'Qudsia Rashid'),
	('1912243', 'Sheharyar Ul Hassan'),
	('1912247', 'Syed Muhammad Yaseen'),
	('1912256', 'Abdullah Gul'),
	('1912259', 'Ali Muhammad'),
	('1912263', 'Hasnain Raza'),
	('1912270', 'Muhammad Hamza Khan'),
	('1912281', 'Rohit Puri'),
	('1912305', 'Labeenah Khan'),
	('1912312', 'Muhammad Aurangzaib Khan'),
	('1912314', 'Muhammad Huzaifa Khan'),
	('1912323', 'Syed Omer Salahuddin'),
	('1912332', 'Abdul Aziz'),
	('1912334', 'Abdullah Bin Tahir'),
	('1912337', 'Akshay Kumar'),
	('1912345', 'Hasham Ahmed'),
	('1912350', 'Kabir Ahmed Bhatti'),
	('1912356', 'Muhammad Abdullah Azhar'),
	('1912357', 'Muhammad Yousha'),
	('1912358', 'Muhammad Zain Noorani'),
	('1912363', 'Raza Ahmed'),
	('1912368', 'Shuaib Yasin'),
	('1912369', 'Syed Hasnain Abbas'),
	('1912371', 'Syed Murtaza Hussain Abidi'),
	('1912373', 'Zohaib Adil Rasool'),
	('1912375', 'Ameer Uddin Shayyan'),
	('1912376', 'Mubashir Ali'),
	('1912377', 'Fatima Tuz Zehra'),
	('1912385', 'Zohaib Ilyas'),
	('1912386', 'Muhammad Asher'),
	('1912393', 'Mohammad Jawad Iqbal'),
	('1912394', 'Muhammad Haziq'),
	('1912396', 'Sara Syed Prasla'),
	('1912397', 'Arisha Arbani'),
	('1712232', 'Muhammad Iftikhar Khan'),
	('1912111', 'Dua Imran'),
	('1912132', 'Syed Muhammad Abbas Hassan'),
	('1912134', 'Syed Zohaib Ahmed'),
	('1912253', 'Vishesh Sagar'),
	('1912254', 'Aakash Kumar'),
	('1912255', 'Abdul Rehman'),
	('1912258', 'Akshay Kumar'),
	('1912260', 'Asma Atique'),
	('1912261', 'Dua Gul Muhammad'),
	('1912262', 'Hamza Ihsan'),
	('1912267', 'Moaz Javed Khan'),
	('1912268', 'Muhammad Anas'),
	('1912272', 'Muhammad Sufyan Mallick'),
	('1912274', 'Muhammad Umer Uzair'),
	('1912275', 'Murk Matlani'),
	('1912276', 'Muzzammil Ishaq'),
	('1912278', 'Prena Parpiani'),
	('1912279', 'Rabia Memon'),
	('1912280', 'Rizwan Hadi'),
	('1912284', 'Sandesh Lal'),
	('1912286', 'Syed Arham Abdullah'),
	('1912288', 'Syed Shayan Mustufa'),
	('1912290', 'Yousuf Zubair Chohan'),
	('1912291', 'Zabloon Albert'),
	('1912359', 'Nimerta Bai'),
	('1912374', 'Abdul Samee Sehol'),
	('1912389', 'Fatima Imran'),
	('1912390', 'Abeera Naveed'),
	('1712191', 'Hassan Mehmood'),
	('1812345', 'Riaz Rafiq Khimani'),
	('1912144', 'Hamza Shafiq'),
	('1912207', 'Sooraj Kumar'),
	('1912217', 'Anmol Keswani'),
	('1912218', 'Apuruwah Amar Lal'),
	('1912219', 'Ashesh Kumar Rejhra'),
	('1912220', 'Avinash Khemani'),
	('1912221', 'Avinash Rejhra'),
	('1912245', 'Somesh Kumar Bhagia'),
	('1912250', 'Uneeb Asad'),
	('1912252', 'Vishal'),
	('1912271', 'Muhammad Shamaeem Ali'),
	('1912273', 'Muhammad Umer'),
	('1912285', 'Sejal Sitani'),
	('1912292', 'Aadesh Kumar'),
	('1912293', 'Abdul Rehman'),
	('1912296', 'Agha Daud Durrani'),
	('1912297', 'Asaad Noman Abbasi'),
	('1912299', 'Bakhtiar Masood'),
	('1912300', 'Danish Aslam Sheikh'),
	('1912304', 'Komal Devi Aruwani'),
	('1912306', 'Moiz Ahmed Khan'),
	('1912310', 'Muhammad Ahsan'),
	('1912311', 'Muhammad Ashhad Siddiqui'),
	('1912313', 'Muhammad Faisal'),
	('1912316', 'Muhammad Yousuf Hyder'),
	('1912317', 'Muskan Makhija'),
	('1912321', 'Shah Mubashir Ul Haq'),
	('1912322', 'Shayan Ali Mankani'),
	('1912325', 'Syed Yousuf Fatmi'),
	('1912326', 'Tabassum Habibullah'),
	('1912327', 'Umer Ali Usmani'),
	('1912328', 'Yousuf Abbas Shah'),
	('1912329', 'Yumna Waseem'),
	('1912330', 'Zawat Masta'),
	('1912331', 'Zeehan Haider'),
	('1912387', 'Akbar Rehmat'),
	('2012164', 'Mohammad Hammad Farooq'),
	('2012210', 'Maria Sajid Gaddi'),
	('2012219', 'Neha Batra'),
	('2012223', 'Rithik Kumar'),
	('2012225', 'Rohan Kumar'),
	('2012227', 'Sattiwan Kumar'),
	('2012231', 'Sindhu Kukreja'),
	('2012232', 'Syed Shajee Haider Zaidi'),
	('2012254', 'Muhammad Ali'),
	('2012329', 'Aleena Fatima Abro'),
	('2012343', 'Hamza Tariq'),
	('2012344', 'Khubaib Bin Naeem'),
	('2012357', 'Muhammad Usama Asif'),
	('2173149', 'Muhammad Danish Khan Jadoon'),
	('2280135', 'Abdullah Ansari'),
	('2280136', 'Afifa Jatoi'),
	('2280137', 'Ameer Umar Khan'),
	('2280138', 'Ariha Zainab'),
	('2280139', 'Arsalan Ayaz'),
	('2280140', 'Arshiya Muhammad Ali'),
	('2280141', 'Eisha Arshad Hussain'),
	('2280142', 'Hafiz Abrar Iqbal'),
	('2280143', 'Hamad Naseem'),
	('2280144', 'Hamd Feroz Ansari'),
	('2280145', 'Hassan Raza Ladha'),
	('2280146', 'Maria Mazari'),
	('2280147', 'Marrium Shaikh'),
	('2280148', 'Mirza Usman Baig'),
	('2280149', 'Misha Sohail Ahmed'),
	('2280150', 'Muhammad Bin Tariq'),
	('2280151', 'Muhammad Osama'),
	('2280152', 'Muhammad Shahmeer'),
	('2280153', 'Muhammad Talha Arif'),
	('2280154', 'Muhammad Usama Zahid'),
	('2280155', 'Muhammad Yahya Ahmer'),
	('2280156', 'Om'),
	('2280157', 'Rafay Hussain'),
	('2280158', 'Rahul Kumar'),
	('2280159', 'Rehan Badshah'),
	('2280160', 'Sameer Ahmed Sahito'),
	('2280161', 'Syed Ahmed Hamza'),
	('2280162', 'Syed Arif Ali Shah'),
	('2280163', 'Syed Muhammad Askari'),
	('2280164', 'Talha Nawab'),
	('2280165', 'Vinod Kumar'),
	('2280166', 'Vivek Kumar'),
	('2280167', 'Yasir Hussain'),
	('2280168', 'Zohaib Hassan'),
	('2280172', 'Afzal Ali'),
	('2280175', 'Badshah Jan'),
	('2280101', 'Abubakar Mangrio'),
	('2280102', 'Adeeba Salman'),
	('2280103', 'Adil Memon'),
	('2280104', 'Aman Asaf'),
	('2280105', 'Aneesh Kumar Talreja'),
	('2280106', 'Anmol Hindu'),
	('2280107', 'Basim Hasan Khan'),
	('2280108', 'Bisma Saeed'),
	('2280109', 'Bisma Sahr'),
	('2280110', 'Dawood Imran'),
	('2280111', 'Farrukh Ali Bhatti'),
	('2280112', 'Furqan Fayaz Shaikh'),
	('2280113', 'Hamza Siraj'),
	('2280114', 'Haroon Hassan Rasheed'),
	('2280115', 'Hasan Mehdi'),
	('2280116', 'Laraib Zafar Khan'),
	('2280117', 'Maha Zafar Iqbal'),
	('2280118', 'Marium Muhammad'),
	('2280119', 'Mohammad Yahyah Adnan'),
	('2280120', 'Muhammad Ahsan Mohsin'),
	('2280121', 'Muhammad Azhar Bhutto'),
	('2280122', 'Muhammad Hamid Raza'),
	('2280123', 'Muhammad Saeed Ansari'),
	('2280124', 'Netaliya Amjad'),
	('2280125', 'Qurat Ul Ain Bashir'),
	('2280126', 'Sajjad Ali Shaikh'),
	('2280127', 'Sartaj'),
	('2280128', 'Shayan Khowaja Shoukat Ali Khowaja'),
	('2280129', 'Syed Ukkashah Ahmed Shah'),
	('2280131', 'Talal Ali Bhatti'),
	('2280132', 'Usman Akbar'),
	('2280133', 'Yumaan Mustafa'),
	('2280134', 'Zainab'),
	('2280169', 'Qatadah Furqan'),
	('2280171', 'Kabir Ahmed'),
	('2280173', 'Abbad Maqbool Qadir'),
	('2280174', 'Muzammil Naeem'),
	('1912119', 'Muhammad Auon Raza'),
	('1912158', 'Muhammad Usman'),
	('2312102', 'Safdar Hussain Abbasi'),
	('2312142', 'Dhani Bux Lashari'),
	('2312101', 'Abdul Aziz Kehar'),
	('2312104', 'Awais Ali Baloch'),
	('2312107', 'Neelam Abbas'),
	('2112260', 'Aihan Mahmood Siddiqui'),
	('2112266', 'Bilal Kashan'),
	('2112269', 'Maaz Khan'),
	('2112270', 'Mohammad Affan'),
	('2112271', 'Mubaraka Zoeb Sadri'),
	('2112273', 'Muhammad Ibrar Kalwar'),
	('2112274', 'Muhammad Zain Sajid'),
	('2112277', 'Muhammad Habib Ur Rehman'),
	('2112283', 'Om Kirshana'),
	('2112284', 'Sameer Ahmed'),
	('2112287', 'Muhammad Shaheer Siddiqui'),
	('2112292', 'Syeda Aliba Naqvi'),
	('2112295', 'Uzair Ahmed Dahraj'),
	('2212270', 'Shahzaib Chughtai'),
	('1812274', 'Muhammad Ukkasha'),
	('2112111', 'Fawad Masood Khan'),
	('2112119', 'Muhammad Taha Malik'),
	('1812347', 'Ali Nasir Shakil'),
	('1912302', 'Hallar Khalil'),
	('2112286', 'Sershti Kumari'),
	('2112202', 'Tamana Jhamani'),
	('2112250', 'Muhammad Fayyaz'),
	('2112182', 'Jaweriya Younus'),
	('2012199', 'Daniyal Ahmed'),
	('2012226', 'Samail Mustafa'),
	('2112278', 'Muhammad Maaz Uddin'),
	('2112185', 'Mir Saqib Raza'),
	('2112194', 'Muhammad Sarwar Hussain'),
	('2112174', 'Ahmed Mustafa Sohail'),
	('2112297', 'Wasil Ahmed'),
	('2112259', 'Abdullah Ayaz Khan'),
	('2012178', 'Ram Sagar'),
	('2012253', 'Muhammad Zain'),
	('2012279', 'Umair Bin Naeem'),
	('2012242', 'Bilal Azfar Khan'),
	('2012355', 'Muhammad Sarim Khan'),
	('1912108-1', 'Safiullah Jatoi'),
	('2012125-1', 'Aqib Mustafa Surhio'),
	('2012126-1', 'Ayesha Shaikh'),
	('2012128-1', 'Hamza Ali Ansari'),
	('2012129-1', 'Hassnain Ahmed Soomro'),
	('2012131-1', 'Humera Shaikh'),
	('2012133-1', 'Jai Kumar'),
	('2012135-1', 'Muhammad Ali'),
	('2012137-1', 'Muhammad Tariq Babar'),
	('2012139-1', 'Muskan Panjwani'),
	('2012140-1', 'Sarang Zameer Abbasi'),
	('2012141-1', 'Shafaque Khalil Thebo'),
	('2012144-1', 'Suman Surahio'),
	('2012148-1', 'Zubair Ahmed Mugheri'),
	('2012149-1', 'Areeba Asif Shaikh'),
	('2012153-1', 'Umer Draaz'),
	('2212277', 'Aatir Raza'),
	('2212280', 'Adeeba Kalwar'),
	('2212283', 'Anushe Sadiq Khan'),
	('2212288', 'Ilyaan Umatia'),
	('2212289', 'Kumkum Wadhwani'),
	('2212290', 'Luvai Yahya Bhuriwala'),
	('2212291', 'Mehak'),
	('2212292', 'Mirza Mashhood Ul Hassan'),
	('2212293', 'Misbah Maqbool'),
	('2212295', 'Muhammad Amir'),
	('2212296', 'Muhammad Ammar Kanani'),
	('2212299', 'Nandni Pohani'),
	('2212302', 'Saeed Ul Khair Quaid Joher Ujjain Wala'),
	('2212304', 'Sarah Salim Jamani'),
	('2212309', 'Siya Nanwani'),
	('2212311', 'Umer Farooque'),
	('2212318', 'Bushra Bibi'),
	('2212319', 'Mumta Bai Punjwani'),
	('2212345', 'Anum Zehra Noorani'),
	('2212346', 'Bushra Soomro'),
	('2212347', 'Muhammad Saad Naeem'),
	('2212349', 'Shahzaib Faisal'),
	('2212354', 'Taha Mehmood'),
	('23101117', 'Muhammad Shoaib Pasha'),
	('23101118', 'Muhammad Tafseer'),
	('2212136', 'Agha Nadir Ali'),
	('2212137', 'Ali Abbas'),
	('2212138', 'Ali Haider Jumani'),
	('2212140', 'Anesh Kumar'),
	('2212143', 'Hani Waleed'),
	('2212144', 'Hareem Akhtar'),
	('2212145', 'Iliyan Faisal Valliani'),
	('2212146', 'Jahanzeb Yameen'),
	('2212147', 'Kailash Kumar'),
	('2212148', 'Kashish Nankani'),
	('2212149', 'Kumail Ahmed Soomro'),
	('2212150', 'Laina Vijay Kumar'),
	('2212152', 'Muhammad Sarim'),
	('2212153', 'Muhammad Yaseen Ahmed'),
	('2212155', 'Nathan C F Desouza'),
	('2212156', 'Pranjal Batheja'),
	('2212157', 'Sahil Kumar'),
	('2212160', 'Shamlal'),
	('2212162', 'Siya Santosh'),
	('2212163', 'Syeda Fizza Rashid Zaidi'),
	('2212164', 'Talha Shamim'),
	('2212165', 'Teesha Kumari'),
	('2212169', 'Zainab Loya'),
	('2212170', 'Muhammad Zubair Shah'),
	('2212330', 'Sakinah Batool Kanani'),
	('2212356', 'Atif Nawaz'),
	('2112349', 'Fatima Khan'),
	('2212101', 'Aariz Samdani'),
	('2212102', 'Aleezeh Zehra Shehzad'),
	('2212104', 'Aman'),
	('2212105', 'Ammad Khan'),
	('2212108', 'Elsa Khan'),
	('2212110', 'Hammad Ali Tejani'),
	('2212111', 'Kabir Kumar Charyai'),
	('2212112', 'Kirtan Rai Matlani'),
	('2212113', 'Krisha Thontia'),
	('2212114', 'Laveesha Kumari'),
	('2212115', 'Muhammad Ashhad Baig'),
	('2212118', 'Muhammad Faseeh'),
	('2212119', 'Muhammad Haroon'),
	('2212120', 'Muhammad Hashim Chohan'),
	('2212122', 'Muhammad Moiz Sajjad'),
	('2212123', 'Muhammad Taha Zain'),
	('2212124', 'Nehaa Fatima'),
	('2212126', 'Ritik Kumar'),
	('2212128', 'Shahzeb Khan'),
	('2212129', 'Sumaiya'),
	('2212130', 'Sundar Lal'),
	('2212132', 'Syed Muhammad Naqi Askari'),
	('2212133', 'Syeda Asalah Shah'),
	('2212134', 'Waseem Khan'),
	('2212135', 'Zain Zulfiqar Dhanani'),
	('2212321', 'Ahsan Raza'),
	('2212322', 'Fatima Peerani'),
	('2212323', 'Haika Asif'),
	('2212324', 'Muhammad Araiz'),
	('2212325', 'Muhammad Shayan Shahid'),
	('2112176', 'Anas Hussain Khan'),
	('2112184', 'Maaz Mashhood'),
	('2112196', 'Sameer Sikandar Ali Khamwani'),
	('2112199', 'Sooraj Malhi'),
	('2112203', 'Umair Solangi'),
	('2112215', 'Hayyan Ahmed Zuberi'),
	('2112224', 'Muhammad Hashim Ali Khan'),
	('2112231', 'Reyan Tariq'),
	('2112345', 'Muhammad Mujeeb Ur Rehman Hesab Gopang'),
	('1812290', 'Ali Ahmed'),
	('2012356', 'Muhammad Syed Taha Ali'),
	('2212109', 'Habib Ullah Uqaili'),
	('2212117', 'Muhammad Danish'),
	('2212141', 'Anmol kumari'),
	('2212151', 'Mehik Nankani'),
	('2212158', 'Sahil Kumar Lalwani'),
	('2212161', 'Sheroon Kumar'),
	('2212174', 'Bhavnesh Karmani'),
	('2212184', 'Mohammad Hamza Farrukh Tanoli'),
	('2212187', 'Muhammad Hashir Shaikh'),
	('2212192', 'Muhammad Yousuf Siddiqui'),
	('2212200', 'Syed Shaheryar Shah'),
	('2212203', 'Vishal Kumar'),
	('2212221', 'Muhammad Hadi Faisal'),
	('2212252', 'Hasnain'),
	('2212261', 'Nitesh Kumar Paryani'),
	('2212263', 'Pawan Mahesh'),
	('2212273', 'Son Pari Dembra'),
	('2212279', 'Abdul Rafay'),
	('2212281', 'Ambreen Fatima Bhanji'),
	('2212284', 'Arsalan Aftab Ali'),
	('2212286', 'Fardeel Ahmed Gujar'),
	('2212294', 'Muhammad Afnan Mirza'),
	('2212297', 'Muhammad Ovais Salam'),
	('2212303', 'Salman .'),
	('2212310', 'Syed Shujja Abbas Abidi'),
	('2212312', 'Usama Aqeel Durrani'),
	('2212317', 'Anoosha'),
	('2212334', 'Muhammad Fuzail Ansari'),
	('2212344', 'Taskeen Sarwer'),
	('2212350', 'Mahdeem Abdul Ghani Baloch'),
	('2212352', 'Hameedullah Khan');



-- pg_dump: processing data for table "test"
INSERT INTO test VALUES
	(1, 'Web Technology II', 40, 'DEB35', '2019-06-01 00:00:00', 60, 'Asim Riaz', 'Spring 2019', 'Test 1', 'BS VI ', 0.5),
	(2, 'Web Technology II', 80, 'E32RN', '2019-06-12 00:00:00', 90, 'Asim Riaz', 'Spring 2019', 'Final', 'BS VI E/F', 0.5),
	(3, 'OOP', 20, '1AJAZ', '2019-06-09 00:00:00', 2, 'Asim Riaz', 'Spring 2019', 'Test', 'BS II', 1),
	(4, 'Web Technology I', 40, 'BTTN8', '2019-12-09 00:00:00', 30, 'Asim Riaz', 'Fall 2019', 'Test', 'BS V ', 0.5),
	(5, 'Web Technology I', 80, 'J24P', '2020-01-03 00:00:00', 90, 'Asim Riaz', 'Fall 2019', 'Final', 'BS V', 0.5),
	(6, 'Web Technology II', 40, 'T7F88', '2020-06-15 00:00:00', 30, 'Dr. Adeel Ansari', 'Spring 2020', 'Final', 'BS V', 1),
	(7, 'Web Technology II', 40, 'TM33D', '2020-06-22 00:00:00', 25, 'Asim Riaz', 'Spring 2020', 'Test', 'BS V C/D', 0.5),
	(8, 'Web Technology I', 80, 'GD78X', '2021-06-19 00:00:00', 60, 'Asim Riaz', 'Spring 2021', 'FInal', 'BSCS VI B Elective', 0.5),
	(9, 'Web Technology II', 20, 'HW45K', '2020-07-09 00:00:00', 10, 'Asim Riaz', 'Spring 2020', 'Test', 'BS V C/D', 1),
	(10, 'ITC', 40, 'TJ48K', '2020-11-16 00:00:00', 30, 'Asim Riaz', 'Fall 2020', 'Mid Term', 'BS 1 A/E', 0.5),
	(11, 'ITC', 80, 'RF32G', '2021-01-18 00:00:00', 60, 'Asim Riaz', 'Fall 2020', 'FInal', 'BS 1 A/E', 0.5),
	(12, 'Web Technology I', 40, 'KJ76Y', '2021-06-11 00:00:00', 60, 'Dr. Adeel Ansari', 'Spring 2021', 'Final', 'BS VI A', 1),
	(13, 'Web Technology I', 40, 'RT88F', '2021-06-26 00:00:00', 25, 'Asim Riaz', 'Spring 2021', 'Test', 'BS VI B/C', 0.5),
	(14, 'Parallel and Distributed Computing', 40, 'FR5KJ', '2021-11-28 00:00:00', 25, 'Asim Riaz', 'Fall 2021', 'Mid Term', 'BSCS VII A/B/C/D', 1),
	(15, 'Parallel and Distributed Computing', 40, 'TD43K', '2021-12-20 00:00:00', 25, 'Asim Riaz', 'Fall 2021', 'Test', 'BSCS VII A/B/C/D', 0.5),
	(16, 'Data Structures and Algorithms', 15, 'TM32D', '2021-12-24 00:00:00', 15, 'Maira Sami', 'Fall 2021', 'Quiz', 'BSCS III', 1),
	(17, 'Introduction to Computer', 10, 'SD56F', '2022-01-10 00:00:00', 10, 'Sadia Aziz', 'Fall 2021', 'Quiz', 'BSCS I', 1),
	(18, 'Parallel and Distributed Computing', 20, 'VB79X', '2022-02-09 00:00:00', 10, 'Asim Riaz', 'Fall 2021', 'Quiz', 'BSCS VII', 1),
	(19, 'Web Technology I', 80, 'XJ49K', '2022-06-06 00:00:00', 60, 'Asim Riaz', 'Spring 2022', 'FInal', 'BSCS VI A Elective', 0.5),
	(20, 'Web Technology I', 80, 'JQ78G', '2022-06-07 00:00:00', 60, 'Asim Riaz', 'Spring 2022', 'FInal', 'BSCS VI C Elective', 0.5),
	(21, 'Web Technology I', 60, 'TG45G', '2022-06-10 00:00:00', 90, 'Fahim Nasir', 'Spring 2022', 'FInal', 'BSCS VI E Elective', 0.5),
	(22, 'Web Technology I', 60, 'DF98K', '2022-06-11 00:00:00', 90, 'Fahim Nasir', 'Spring 2022', 'FInal', 'BSCS VI F Elective', 0.5),
	(23, 'Web Technology I', 40, 'FT78Y', '2022-06-21 00:00:00', 18, 'Asim Riaz', 'Spring 2022', 'Test', 'BSCS ELectives', 1),
	(24, 'Data Structures and Algorithms', 10, 'GT57D', '2022-08-15 00:00:00', 10, 'Asim Riaz', 'Summer', 'Quiz 1', 'BSCS', 0.5),
	(25, 'Data Structures and Algorithms', 10, 'PJ65K', '2022-08-22 00:00:00', 6, 'Asim Riaz', 'Summer', 'Quiz 2', 'BSCS', 0.5),
	(26, 'Data Structures and Algorithms', 10, 'PD43N', '2022-08-29 00:00:00', 6, 'Asim Riaz', 'Summer', 'Quiz 3', 'BSCS', 0.5),
	(27, 'Fundamentals of Programming  ', 20, 'GT76R', '2022-12-20 00:00:00', 10, 'Asim Riaz', 'Fall 2022', 'Test', 'BSSE', 1),
	(28, 'Fundamentals of Programming  ', 80, 'RH87P', '2023-01-17 00:00:00', 45, 'Asim Riaz', 'Fall 2022', 'Final', 'BSSE A', 0.5),
	(29, 'Fundamentals of Programming  ', 20, 'FG54R', '2023-01-17 00:00:00', 5, 'Asim Riaz', 'Fall 2022', 'Test 2', 'BSSE A', 1),
	(30, 'Web Engineering', 80, 'TV67J', '2023-01-18 00:00:00', 120, 'Asim Riaz', 'Fall 2022', 'Final', 'BSCS VII Elective', 0.5),
	(31, 'Database Systems', 20, 'QK83N', '2024-05-30 00:00:00', 10, 'Asim Riaz', 'Spring 2024', 'Test 2', 'BSCS IV F', 1),
	(32, 'Data Structures and Algorithms', 20, 'HJ98T', '2023-08-31 00:00:00', 10, 'Asim Riaz', 'Summer 2023', 'Quiz 1', 'BSCS Open', 1),
	(33, 'Data Structures and Algorithms', 20, 'BF97G', '2023-08-31 00:00:00', 6, 'Asim Riaz', 'Summer 2023', 'Quiz 2', 'BSCS Open', 1),
	(34, 'Web Technology I', 80, 'GB62H', '2024-01-08 00:00:00', 40, 'Asim Riaz', 'Spring 2024', 'FInal', 'BSCS VI Elective', 0.5),
	(35, 'Web Technology I', 40, 'DK94N', '2024-01-25 00:00:00', 20, 'Asim Riaz', 'Spring 2024', 'Test', 'BSCS Elective', 0.5);


-- pg_dump: executing SEQUENCE SET question_qid_seq

SELECT pg_catalog.setval('question_qid_seq', 1, false);


-- pg_dump: executing SEQUENCE SET test_testid_seq

SELECT pg_catalog.setval('test_testid_seq', 1, false);


ALTER TABLE ONLY question
    ADD CONSTRAINT question_pkey PRIMARY KEY (qid);


ALTER TABLE ONLY student
    ADD CONSTRAINT student_pkey PRIMARY KEY (regno);


ALTER TABLE ONLY test
    ADD CONSTRAINT test_pkey PRIMARY KEY (testid);


ALTER TABLE ONLY options
    ADD CONSTRAINT options_qid_fkey FOREIGN KEY (qid) REFERENCES question(qid);

